A	0	100	736	940.4829787309002	0.0	27.129319932501073
A	1	200	984	575.4875682852054	0.01745240643728351	-984
A	2	300	494	249.7999452334526	0.03489949670250097	22.22611077089287
A	3	400	917	930.6078067319015	0.052335956242943835	-917
A	4	500	484	843.2847235404671	0.0697564737441253	22.0
A	5	600	559	537.8813239470733	0.08715574274765817	-559
A	6	700	402	960.5354008178748	0.10452846326765347	20.049937655763422
A	7	800	896	49.960828771188574	0.12186934340514748	-896
A	8	900	595	16.228600894008792	0.13917310096006544	24.392621835300936
A	9	1000	364	873.1064653869242	0.15643446504023087	-364
A	10	1100	451	581.5507468056685	0.17364817766693033	21.236760581595302
A	11	1200	360	117.63618009714327	0.1908089953765448	-360
A	12	1300	268	257.49321842790516	0.20791169081775934	16.3707055437449
A	13	1400	623	869.2410252962062	0.224951054343865	-623
A	14	1500	367	823.0817849940717	0.24192189559966773	19.157244060668017
A	15	1600	652	803.4330845542945	0.25881904510252074	-652
A	16	1700	494	510.74428182270015	0.27563735581699916	22.22611077089287
A	17	1800	883	782.0860280867545	0.29237170472273677	-883
A	18	1900	692	636.3799710025673	0.3090169943749474	26.30589287593181
A	19	2000	408	416.04685410396127	0.3255681544571567	-408
A	20	2100	637	171.88352839467535	0.3420201433256687	25.238858928247925
A	21	2200	360	714.6469785902498	0.35836794954530027	-360
A	22	2300	518	382.5358601271234	0.374606593415912	22.759613353482084
A	23	2400	950	70.32030615214413	0.39073112848927377	-950
A	24	2500	425	403.96797394316206	0.4067366430758002	20.615528128088304
A	25	2600	866	881.0787669808518	0.42261826174069944	-866
A	26	2700	877	806.3724298925416	0.4383711467890774	29.614185789921695
A	27	2800	923	437.87641909056174	0.45399049973954675	-923
A	28	2900	617	583.6142863050158	0.4694715627858908	24.839484696748443
A	29	3000	216	159.0938150692649	0.48480962024633706	-216
A	30	3100	773	412.4243522282278	0.49999999999999994	27.80287754891569
A	31	3200	880	751.8040136855358	0.5150380749100542	-880
A	32	3300	928	21.01443770527789	0.5299192642332049	30.463092423455635
A	33	3400	445	936.4882692107674	0.5446390350150271	-445
A	34	3500	549	365.5706184704941	0.5591929034707469	23.430749027719962
A	35	3600	634	624.7115195858069	0.573576436351046	-634
A	36	3700	791	235.22901872593883	0.5877852522924731	28.124722220850465
A	37	3800	734	374.0002518742932	0.6018150231520483	-734
A	38	3900	745	43.17209020005342	0.6156614753256583	27.294688127912362
A	39	4000	812	679.4572602664432	0.6293203910498374	-812
A	40	4100	891	670.5760343499423	0.6427876096865393	29.8496231131986
A	41	4200	701	93.16090116576147	0.6560590289905073	-701
A	42	4300	491	415.16813568552726	0.6691306063588582	22.15851980616034
A	43	4400	762	765.4676474788563	0.6819983600624985	-762
A	44	4500	404	474.8648275599454	0.6946583704589973	20.09975124224178
A	45	4600	293	563.942563508154	0.7071067811865475	-293
A	46	4700	756	817.8771308157826	0.7193398003386511	27.49545416973504
A	47	4800	391	856.5685939488951	0.7313537016191705	-391
A	48	4900	990	799.9933294967818	0.7431448254773942	31.464265445104548
A	49	5000	608	608.9537879786137	0.754709580222772	-608
A	50	5100	915	978.5645530907672	0.766044443118978	30.24896692450835
A	51	5200	613	15.762711559810905	0.7771459614569709	-613
A	52	5300	747	208.75786434004806	0.788010753606722	27.331300737432898
A	53	5400	661	887.6464019143368	0.7986355100472928	-661
A	54	5500	892	883.6294268355998	0.8090169943749475	29.866369046136157
A	55	5600	213	686.6908181326246	0.8191520442889918	-213
A	56	5700	383	250.5228428573749	0.8290375725550417	19.570385790780925
A	57	5800	210	772.2501517558592	0.838670567945424	-210
A	58	5900	793	160.26240744704023	0.848048096156426	28.160255680657446
A	59	6000	432	360.2646131576277	0.8571673007021123	-432
A	60	6100	540	724.9183699300186	0.8660254037844386	23.2379000772445
A	61	6200	216	790.7501448566325	0.8746197071393957	-216
A	62	6300	297	872.4929790780664	0.8829475928589269	17.233687939614086
A	63	6400	420	499.7728155614477	0.8910065241883678	-420
A	64	6500	693	804.1632262715275	0.898794046299167	26.324893162176366
A	65	6600	552	323.30895881903797	0.9063077870366499	-552
A	66	6700	569	115.26692741651767	0.9135454576426009	23.853720883753127
A	67	6800	526	484.9888355091225	0.9205048534524404	-526
A	68	6900	754	205.97334478386043	0.9271838545667874	27.459060435491963
A	69	7000	869	677.28157608465	0.9335804264972017	-869
A	70	7100	539	532.0561304128447	0.9396926207859083	23.2163735324878
A	71	7200	659	324.584832923107	0.9455185755993167	-659
A	72	7300	918	922.5466607922933	0.9510565162951535	30.298514815086232
A	73	7400	459	868.9196557476291	0.9563047559630354	-459
A	74	7500	346	838.3424322058032	0.9612616959383189	18.601075237738275
A	75	7600	209	569.6638206678899	0.9659258262890683	-209
A	76	7700	330	178.20650974729102	0.9702957262759965	18.16590212458495
A	77	7800	234	318.72428367265513	0.9743700647852352	-234
A	78	7900	650	586.204976194718	0.9781476007338056	25.495097567963924
A	79	8000	624	211.02647004326047	0.981627183447664	-624
A	80	8100	440	966.9590894399005	0.984807753012208	20.97617696340303
A	81	8200	531	857.1645322015548	0.9876883405951378	-531
A	82	8300	749	630.1594748146988	0.9902680687415704	27.367864366808018
A	83	8400	978	342.2271141367704	0.992546151641322	-978
A	84	8500	215	760.9087140374436	0.9945218953682733	14.66287829861518
A	85	8600	480	620.4209417566756	0.9961946980917455	-480
A	86	8700	864	424.40008447357616	0.9975640502598242	29.393876913398138
A	87	8800	796	502.15798213658223	0.9986295347545738	-796
A	88	8900	694	402.32032671832405	0.9993908270190958	26.343879744638983
A	89	9000	629	334.0999764953232	0.9998476951563913	-629
A	90	9100	472	852.0235398300778	1.0	21.72556098240043
A	91	9200	516	587.1180235508388	0.9998476951563913	-516
A	92	9300	228	287.77156624128486	0.9993908270190958	15.0996688705415
A	93	9400	595	87.86691300971073	0.9986295347545738	-595
A	94	9500	831	366.8486495911113	0.9975640502598242	28.827070610799147
A	95	9600	740	198.6220539259661	0.9961946980917455	-740
A	96	9700	671	998.3630905483994	0.9945218953682733	25.903667693977237
A	97	9800	379	979.2107184800758	0.9925461516413221	-379
A	98	9900	459	582.8821157003808	0.9902680687415704	21.42428528562855
A	99	10000	662	822.3053154033904	0.9876883405951378	-662
A	100	10100	236	635.0476533154355	0.984807753012208	15.362291495737216
A	101	10200	320	613.303007702385	0.981627183447664	-320
A	102	10300	977	708.3406573372907	0.9781476007338057	31.25699921617557
A	103	10400	758	885.404087107227	0.9743700647852352	-758
A	104	10500	790	598.5379114253057	0.9702957262759965	28.106938645110393
A	105	10600	502	999.3826121483563	0.9659258262890683	-502
A	106	10700	211	572.4761273023583	0.9612616959383189	14.52583904633395
A	107	10800	309	89.2554528102133	0.9563047559630355	-309
A	108	10900	518	365.897914750707	0.9510565162951536	22.759613353482084
A	109	11000	699	973.9024342217824	0.9455185755993168	-699
A	110	11100	941	899.0229478873151	0.9396926207859084	30.675723300355934
A	111	11200	220	912.363171430728	0.9335804264972017	-220
A	112	11300	781	833.7829290710242	0.9271838545667874	27.94637722496424
A	113	11400	613	178.5437513914886	0.9205048534524403	-613
A	114	11500	304	147.9480057215311	0.9135454576426009	17.435595774162696
A	115	11600	224	404.9848170868916	0.90630778703665	-224
A	116	11700	640	684.5290411377425	0.8987940462991669	25.298221281347036
A	117	11800	963	982.4366775770753	0.8910065241883679	-963
A	118	11900	409	97.87738829207571	0.8829475928589269	20.223748416156685
A	119	12000	723	48.8431247763822	0.8746197071393959	-723
A	120	12100	750	132.4088402245518	0.8660254037844387	27.386127875258307
A	121	12200	628	441.2025163591255	0.8571673007021123	-628
A	122	12300	906	324.4993752965516	0.8480480961564261	30.099833886584822
A	123	12400	438	712.1436816928141	0.8386705679454239	-438
A	124	12500	628	396.60264123680247	0.8290375725550417	25.059928172283335
A	125	12600	810	618.0291044848246	0.8191520442889917	-810
A	126	12700	484	279.9654068830577	0.8090169943749475	22.0
A	127	12800	909	315.0788312107158	0.7986355100472927	-909
A	128	12900	582	757.7839647443893	0.788010753606722	24.124676163629637
A	129	13000	679	581.4004119955828	0.777145961456971	-679
A	130	13100	488	96.8668692938245	0.766044443118978	22.090722034374522
A	131	13200	461	672.5978122711872	0.7547095802227721	-461
A	132	13300	837	586.3865671305389	0.7431448254773942	28.930952282978865
A	133	13400	246	257.0936630221903	0.7313537016191706	-246
A	134	13500	464	215.31368578669884	0.7193398003386511	21.540659228538015
A	135	13600	685	383.7798794885792	0.7071067811865476	-685
A	136	13700	591	429.7157245937956	0.6946583704589971	24.310491562286437
A	137	13800	459	318.67403567054487	0.6819983600624986	-459
A	138	13900	661	695.3306558329131	0.6691306063588583	25.709920264364882
A	139	14000	748	942.0085013402428	0.6560590289905073	-748
A	140	14100	420	649.0463718366416	0.6427876096865395	20.493901531919196
A	141	14200	391	10.857244529149156	0.6293203910498374	-391
A	142	14300	614	429.80649417666336	0.6156614753256584	24.779023386727733
A	143	14400	982	120.1518891744432	0.6018150231520482	-982
A	144	14500	994	509.3419535960961	0.5877852522924732	31.52776554086889
A	145	14600	422	271.8193169469564	0.5735764363510459	-422
A	146	14700	514	702.4067514474189	0.5591929034707469	22.67156809750927
A	147	14800	317	89.15160071282213	0.5446390350150273	-317
A	148	14900	450	167.65876185080742	0.5299192642332049	21.213203435596427
A	149	15000	808	920.3451569363194	0.5150380749100544	-808
A	150	15100	832	122.16542123294194	0.49999999999999994	28.844410203711913
A	151	15200	464	456.4033385746424	0.48480962024633717	-464
A	152	15300	314	856.9272684660291	0.4694715627858907	17.72004514666935
A	153	15400	278	333.8566600213536	0.45399049973954686	-278
A	154	15500	360	412.8634558777814	0.4383711467890773	18.973665961010276
A	155	15600	672	224.94776407100815	0.4226182617406995	-672
A	156	15700	765	185.2049832709225	0.40673664307580043	27.65863337187866
A	157	15800	322	171.70632427364797	0.39073112848927377	-322
A	158	15900	557	904.3055029843747	0.37460659341591224	23.600847442411894
A	159	16000	982	392.84156196991927	0.3583679495453002	-982
A	160	16100	894	455.14613958338947	0.3420201433256689	29.899832775452108
A	161	16200	634	839.679904707169	0.3255681544571566	-634
A	162	16300	554	802.1736473708742	0.3090169943749475	23.53720459187964
A	163	16400	218	954.5154858549867	0.2923717047227366	-218
A	164	16500	549	590.2089159169764	0.2756373558169992	23.430749027719962
A	165	16600	532	51.335313181650854	0.258819045102521	-532
A	166	16700	621	350.3357843995637	0.24192189559966773	24.919871588754223
A	167	16800	458	592.0980395064211	0.2249510543438652	-458
A	168	16900	238	356.47214120602047	0.20791169081775931	15.427248620541512
A	169	17000	376	656.1069330428843	0.19080899537654497	-376
A	170	17100	689	122.81796294286895	0.17364817766693028	26.248809496813376
A	171	17200	547	332.5254557915881	0.15643446504023098	-547
A	172	17300	816	787.4357175680366	0.13917310096006533	28.5657137141714
A	173	17400	847	753.5206793758814	0.12186934340514755	-847
A	174	17500	762	287.97136549939427	0.10452846326765373	27.60434748368452
A	175	17600	923	313.9634997231924	0.0871557427476582	-923
A	176	17700	703	944.1957956025972	0.06975647374412552	26.514147167125703
A	177	17800	990	653.490044365356	0.05233595624294381	-990
A	178	17900	697	721.2530081654709	0.03489949670250114	26.40075756488817
A	179	18000	445	201.2765315541859	0.01745240643728344	-445
A	180	18100	312	33.21498812960366	1.2246467991473532e-16	17.663521732655695
A	181	18200	870	135.01224565890436	-0.017452406437283637	-870
A	182	18300	997	456.2912577584479	-0.0348994967025009	31.575306807693888
A	183	18400	772	358.78719273014116	-0.052335956242943564	-772
A	184	18500	981	985.7142314383707	-0.06975647374412527	31.32091952673165
A	185	18600	228	139.83323435873007	-0.08715574274765794	-228
A	186	18700	469	173.97235542851575	-0.1045284632676535	21.656407827707714
A	187	18800	925	951.7477920646063	-0.12186934340514731	-925
A	188	18900	627	109.71735108413361	-0.13917310096006552	25.03996805109783
A	189	19000	220	409.36327269774876	-0.15643446504023073	-220
A	190	19100	637	993.2792461157767	-0.17364817766693047	25.238858928247925
A	191	19200	840	388.1183637183847	-0.19080899537654472	-840
A	192	19300	629	246.83219170152648	-0.2079116908177595	25.079872407968907
A	193	19400	265	575.5307118386497	-0.22495105434386498	-265
A	194	19500	643	536.6036485599753	-0.2419218955996675	25.357444666211933
A	195	19600	766	953.5447023146	-0.2588190451025208	-766
A	196	19700	744	57.39007989173195	-0.275637355816999	27.27636339397171
A	197	19800	562	856.9072300579878	-0.29237170472273677	-562
A	198	19900	237	443.8023092725576	-0.3090169943749473	15.394804318340652
A	199	20000	488	291.1077657140687	-0.32556815445715676	-488
A	200	20100	619	964.9363432456046	-0.34202014332566866	24.879710609249457
A	201	20200	400	0.8114971693405915	-0.35836794954530043	-400
A	202	20300	315	29.44635620824365	-0.374606593415912	17.74823934929885
A	203	20400	452	65.18638767209583	-0.39073112848927355	-452
A	204	20500	399	184.54044377872324	-0.4067366430758002	19.974984355438178
A	205	20600	702	135.5425798081692	-0.4226182617406993	-702
A	206	20700	650	885.980399663984	-0.43837114678907746	25.495097567963924
A	207	20800	448	15.374943761434556	-0.4539904997395467	-448
A	208	20900	843	478.182717870134	-0.46947156278589086	29.03446228191595
A	209	21000	554	585.5069042008607	-0.48480962024633695	-554
A	210	21100	257	850.7126702953824	-0.5000000000000001	16.0312195418814
A	211	21200	418	421.89029765429717	-0.5150380749100542	-418
A	212	21300	573	868.1481435620533	-0.5299192642332048	23.93741840717165
A	213	21400	454	904.1813829578309	-0.5446390350150271	-454
A	214	21500	608	743.088970932895	-0.5591929034707467	24.657656011875904
A	215	21600	444	371.3579479501056	-0.5735764363510462	-444
A	216	21700	551	582.4055807288642	-0.587785252292473	23.473389188611005
A	217	21800	235	464.91296658743687	-0.6018150231520484	-235
A	218	21900	582	22.905561157796296	-0.6156614753256582	24.124676163629637
A	219	22000	872	850.6525701818956	-0.6293203910498376	-872
A	220	22100	819	134.27270174303462	-0.6427876096865393	28.61817604250837
A	221	22200	252	911.6557023153555	-0.656059028990507	-252
A	222	22300	925	908.2440155794209	-0.6691306063588582	30.4138126514911
A	223	22400	685	535.9919537057015	-0.6819983600624984	-685
A	224	22500	840	895.7420938030648	-0.6946583704589974	28.982753492378876
A	225	22600	400	459.273781956925	-0.7071067811865475	-400
A	226	22700	470	586.0759469307382	-0.7193398003386512	21.6794833886788
A	227	22800	628	773.5121902066147	-0.7313537016191705	-628
A	228	22900	739	59.21409794367871	-0.7431448254773944	27.184554438136374
A	229	23000	330	143.57792132570935	-0.754709580222772	-330
A	230	23100	268	663.9911052787868	-0.7660444431189779	16.3707055437449
A	231	23200	828	245.69319873824435	-0.7771459614569706	-828
A	232	23300	420	712.1158450380653	-0.7880107536067221	20.493901531919196
A	233	23400	333	963.2292021235683	-0.7986355100472928	-333
A	234	23500	613	252.44081510078576	-0.8090169943749473	24.758836806279895
A	235	23600	273	258.06240402894355	-0.8191520442889916	-273
A	236	23700	818	635.7667325861042	-0.8290375725550418	28.600699292150182
A	237	23800	680	627.284296609455	-0.838670567945424	-680
A	238	23900	722	458.15717759903316	-0.848048096156426	26.870057685088806
A	239	24000	329	99.03668332969285	-0.8571673007021121	-329
A	240	24100	576	385.1455912864395	-0.8660254037844384	24.0
A	241	24200	323	182.9561846670279	-0.874619707139396	-323
A	242	24300	459	211.60265074548067	-0.882947592858927	21.42428528562855
A	243	24400	811	112.09800157460093	-0.8910065241883678	-811
A	244	24500	977	127.57140633288056	-0.8987940462991668	31.25699921617557
A	245	24600	544	345.3788441671306	-0.90630778703665	-544
A	246	24700	371	340.2231906675848	-0.913545457642601	19.261360284258224
A	247	24800	655	238.1508970430154	-0.9205048534524403	-655
A	248	24900	891	752.2767097141558	-0.9271838545667873	29.8496231131986
A	249	25000	742	750.6951134824217	-0.9335804264972016	-742
A	250	25100	271	662.5792531276619	-0.9396926207859084	16.46207763315433
A	251	25200	342	525.3048217286636	-0.9455185755993168	-342
A	252	25300	414	25.26366695918403	-0.9510565162951535	20.346989949375804
A	253	25400	621	345.5911165637605	-0.9563047559630353	-621
A	254	25500	896	411.8688760154484	-0.961261695938319	29.93325909419153
A	255	25600	212	458.4176130513402	-0.9659258262890683	-212
A	256	25700	372	51.12930047158937	-0.9702957262759965	19.28730152198591
A	257	25800	764	468.5280137966826	-0.9743700647852351	-764
A	258	25900	221	614.7113002720109	-0.9781476007338056	14.866068747318506
A	259	26000	654	283.98670840468054	-0.981627183447664	-654
A	260	26100	743	103.51825930240055	-0.984807753012208	27.258026340878022
A	261	26200	605	638.051628761481	-0.9876883405951377	-605
A	262	26300	893	239.36997168451558	-0.9902680687415703	29.88310559496787
A	263	26400	822	971.516456066458	-0.9925461516413221	-822
A	264	26500	756	468.52180787736484	-0.9945218953682734	27.49545416973504
A	265	26600	741	880.0448300565101	-0.9961946980917455	-741
A	266	26700	475	639.6152656514772	-0.9975640502598242	21.79449471770337
A	267	26800	289	724.885502800622	-0.9986295347545738	-289
A	268	26900	246	478.99647307919145	-0.9993908270190958	15.684387141358123
A	269	27000	312	857.8611713058682	-0.9998476951563913	-312
A	270	27100	865	552.8647389390222	-1.0	29.410882339705484
A	271	27200	527	201.89652394074275	-0.9998476951563913	-527
A	272	27300	586	428.5014199632374	-0.9993908270190958	24.20743687382041
A	273	27400	417	367.21127976953005	-0.9986295347545738	-417
A	274	27500	724	719.778165672367	-0.9975640502598243	26.90724809414742
A	275	27600	520	22.91966927593847	-0.9961946980917455	-520
A	276	27700	904	448.3667449762113	-0.9945218953682734	30.066592756745816
A	277	27800	850	283.1008222095916	-0.992546151641322	-850
A	278	27900	931	888.0499726743651	-0.9902680687415704	30.512292604784715
A	279	28000	317	246.5654768340435	-0.9876883405951378	-317
A	280	28100	889	784.8844186208563	-0.9848077530122081	29.816103031751148
A	281	28200	963	117.70814916245331	-0.9816271834476639	-963
A	282	28300	572	923.6545760577241	-0.9781476007338056	23.916521486202797
A	283	28400	816	700.1624760958383	-0.9743700647852352	-816
A	284	28500	294	330.7065399919433	-0.9702957262759966	17.146428199482248
A	285	28600	664	823.3885930554857	-0.9659258262890684	-664
A	286	28700	647	283.94434643353014	-0.9612616959383188	25.436194683953808
A	287	28800	679	146.26655634859665	-0.9563047559630354	-679
A	288	28900	435	735.0842578312695	-0.9510565162951536	20.85665361461421
A	289	29000	433	732.5793300901328	-0.945518575599317	-433
A	290	29100	239	777.6452620279476	-0.9396926207859083	15.459624833740307
A	291	29200	735	506.0496236194626	-0.9335804264972017	-735
A	292	29300	498	0.022456621255217968	-0.9271838545667874	22.315913604421397
A	293	29400	898	726.5785543178249	-0.9205048534524405	-898
A	294	29500	433	331.28899396606505	-0.9135454576426011	20.808652046684813
A	295	29600	653	308.7596652522279	-0.9063077870366499	-653
A	296	29700	573	91.43868741849737	-0.898794046299167	23.93741840717165
A	297	29800	481	403.3674490489312	-0.891006524188368	-481
A	298	29900	806	171.58846019224706	-0.8829475928589271	28.39013913315678
A	299	30000	691	686.7205670302054	-0.8746197071393956	-691
A	300	30100	768	20.563866880207836	-0.8660254037844386	27.712812921102035
A	301	30200	349	172.5596428429721	-0.8571673007021123	-349
A	302	30300	408	280.38054675863054	-0.8480480961564262	20.199009876724155
A	303	30400	367	878.0286984647105	-0.8386705679454243	-367
A	304	30500	354	981.8977108693917	-0.8290375725550416	18.81488772222678
A	305	30600	203	993.6246835817581	-0.8191520442889918	-203
A	306	30700	305	675.4152685329784	-0.8090169943749476	17.46424919657298
A	307	30800	356	717.353333742215	-0.798635510047293	-356
A	308	30900	739	551.3051343645343	-0.7880107536067218	27.184554438136374
A	309	31000	772	42.15522129879579	-0.7771459614569708	-772
A	310	31100	214	399.56875105058344	-0.7660444431189781	14.628738838327793
A	311	31200	877	877.3595230400703	-0.7547095802227722	-877
A	312	31300	719	684.0263100203895	-0.7431448254773946	26.814175355583846
A	313	31400	615	251.77146054605404	-0.7313537016191703	-615
A	314	31500	268	403.1016800056935	-0.7193398003386512	16.3707055437449
A	315	31600	355	339.0529205923629	-0.7071067811865477	-355
A	316	31700	717	562.821289107495	-0.6946583704589976	26.77685567799177
A	317	31800	227	719.1150210933646	-0.6819983600624983	-227
A	318	31900	615	148.7926196927073	-0.6691306063588581	24.79919353527449
A	319	32000	551	808.0602488138384	-0.6560590289905074	-551
A	320	32100	361	245.72267153584315	-0.6427876096865396	19.0
A	321	32200	629	546.4055920900903	-0.6293203910498378	-629
A	322	32300	322	68.31884273410405	-0.6156614753256582	17.944358444926362
A	323	32400	252	29.790532764845224	-0.6018150231520483	-252
A	324	32500	900	433.3435776507407	-0.5877852522924734	30.0
A	325	32600	368	944.7867909020275	-0.5735764363510465	-368
A	326	32700	322	750.5246550643152	-0.5591929034707466	17.944358444926362
A	327	32800	602	953.964940346855	-0.544639035015027	-602
A	328	32900	237	854.5303521186838	-0.529919264233205	15.394804318340652
A	329	33000	378	238.9060192636655	-0.5150380749100545	-378
A	330	33100	360	955.7666153653145	-0.5000000000000004	18.973665961010276
A	331	33200	668	536.976511924614	-0.4848096202463369	-668
A	332	33300	694	995.7071480068786	-0.4694715627858908	26.343879744638983
A	333	33400	712	894.815256707742	-0.45399049973954697	-712
A	334	33500	569	498.91946782510945	-0.4383711467890778	23.853720883753127
A	335	33600	704	154.47241961087744	-0.4226182617406992	-704
A	336	33700	815	688.7082689114739	-0.40673664307580015	28.548204847240395
A	337	33800	887	114.49809940394096	-0.3907311284892739	-887
A	338	33900	958	472.3664305797266	-0.37460659341591235	30.95157508108432
A	339	34000	309	779.6990849554433	-0.35836794954530077	-309
A	340	34100	593	157.66631408559851	-0.3420201433256686	24.351591323771842
A	341	34200	570	9.099158303126131	-0.3255681544571567	-570
A	342	34300	789	997.7391449217794	-0.3090169943749476	28.089143810376278
A	343	34400	385	32.9303992115747	-0.29237170472273716	-385
A	344	34500	335	494.7267549761459	-0.27563735581699894	18.303005217723125
A	345	34600	329	732.3811092190815	-0.2588190451025207	-329
A	346	34700	792	960.87078474432	-0.24192189559966787	28.142494558940577
A	347	34800	391	415.87025348661064	-0.22495105434386534	-391
A	348	34900	953	646.8592825182609	-0.20791169081775987	30.870698080866262
A	349	35000	239	798.6908168269198	-0.19080899537654467	-239
A	350	35100	282	938.5817340002915	-0.1736481776669304	16.792855623746664
A	351	35200	246	64.15777206926198	-0.15643446504023112	-246
A	352	35300	498	227.76206998795288	-0.13917310096006588	22.315913604421397
A	353	35400	953	9.662441811152277	-0.12186934340514723	-953
A	354	35500	703	818.5517125255844	-0.10452846326765342	26.514147167125703
A	355	35600	337	471.79941242973536	-0.08715574274765832	-337
A	356	35700	335	919.1574866124134	-0.06975647374412564	18.303005217723125
A	357	35800	366	34.964750199053874	-0.05233595624294437	-366
A	358	35900	774	932.9137763373889	-0.034899496702500823	27.820855486487112
A	359	36000	337	993.1936759357758	-0.01745240643728356	-337
A	360	36100	984	760.6382573606984	-2.4492935982947064e-16	31.368774282716245
A	361	36200	345	128.21398211409695	0.01745240643728307	-345
A	362	36300	536	517.0299846506261	0.03489949670250122	23.15167380558045
A	363	36400	764	412.4499525782179	0.05233595624294388	-764
A	364	36500	385	462.27650933851885	0.06975647374412515	19.621416870348583
A	365	36600	559	536.8133507440423	0.08715574274765783	-559
A	366	36700	704	569.4991379676751	0.10452846326765293	26.5329983228432
A	367	36800	711	393.7154258104938	0.12186934340514763	-711
A	368	36900	417	508.3272760946577	0.13917310096006538	20.42057785666214
A	369	37000	501	0.660955457076895	0.15643446504023062	-501
A	370	37100	448	163.92851141566257	0.17364817766692991	21.166010488516726
A	371	37200	447	965.0438586064403	0.19080899537654505	-447
A	372	37300	679	431.0389007244695	0.20791169081775937	26.057628441590765
A	373	37400	997	819.1883856212338	0.22495105434386484	-997
A	374	37500	593	856.6957453209428	0.24192189559966737	24.351591323771842
A	375	37600	950	909.0177985491164	0.25881904510252024	-950
A	376	37700	313	82.48790460471677	0.27563735581699933	17.69180601295413
A	377	37800	852	505.7080527943227	0.29237170472273666	-852
A	378	37900	271	120.38289968499893	0.3090169943749472	16.46207763315433
A	379	38000	819	16.613381188787855	0.32556815445715626	-819
A	380	38100	644	893.6542527753916	0.34202014332566893	25.37715508089904
A	381	38200	428	902.6089872570598	0.3583679495453003	-428
A	382	38300	776	57.123442266689196	0.3746065934159119	27.85677655436824
A	383	38400	582	771.4902805809127	0.39073112848927344	-582
A	384	38500	691	140.82506734125954	0.4067366430758005	26.28687885618983
A	385	38600	352	476.37485717971106	0.42261826174069955	-352
A	386	38700	371	404.4851975193341	0.43837114678907735	19.261360284258224
A	387	38800	655	10.40930299103271	0.4539904997395466	-655
A	388	38900	649	228.30630960823427	0.46947156278589036	25.475478405713993
A	389	39000	527	676.4373990706375	0.4848096202463372	-527
A	390	39100	539	548.4472264170109	0.5	23.2163735324878
A	391	39200	327	658.9143590801642	0.515038074910054	-327
A	392	39300	434	660.4381246709917	0.5299192642332047	20.83266665599966
A	393	39400	990	765.6236516558229	0.5446390350150273	-990
A	394	39500	645	84.04214460516035	0.5591929034707469	25.39685019840059
A	395	39600	700	456.99528606198845	0.573576436351046	-700
A	396	39700	969	61.32435840166561	0.5877852522924729	31.12876483254676
A	397	39800	706	961.4258946403477	0.6018150231520479	-706
A	398	39900	875	80.28761579036825	0.6156614753256584	29.58039891549808
A	399	40000	887	101.03433395228156	0.6293203910498375	-887
A	400	40100	865	333.70390983357777	0.6427876096865391	29.410882339705484
A	401	40200	499	714.5562747959435	0.656059028990507	-499
A	402	40300	670	380.7715067949946	0.6691306063588585	25.88435821108957
A	403	40400	585	629.2217402913104	0.6819983600624986	-585
A	404	40500	979	137.91920914962796	0.6946583704589973	31.28897569432403
A	405	40600	818	225.41539742018836	0.7071067811865474	-818
A	406	40700	437	136.98759713744846	0.7193398003386509	20.904544960366874
A	407	40800	724	848.0845769142378	0.7313537016191707	-724
A	408	40900	498	198.07605291204823	0.7431448254773942	22.315913604421397
A	409	41000	727	893.7160277092406	0.7547095802227719	-727
A	410	41100	640	214.91586207130553	0.7660444431189778	25.298221281347036
A	411	41200	423	819.0687678520751	0.7771459614569711	-423
A	412	41300	207	977.3125225752468	0.788010753606722	14.38749456993816
A	413	41400	534	997.1619732596978	0.7986355100472928	-534
A	414	41500	435	151.77638391838866	0.8090169943749472	20.85665361461421
A	415	41600	712	977.7140306006412	0.8191520442889915	-712
A	416	41700	882	24.234564829205496	0.8290375725550418	29.698484809834994
A	417	41800	921	96.03302619283305	0.838670567945424	-921
A	418	41900	590	955.8332378382953	0.8480480961564258	24.289915602982237
A	419	42000	441	357.42723565555923	0.8571673007021121	-441
A	420	42100	360	892.4559915741597	0.8660254037844388	18.973665961010276
A	421	42200	440	686.3047181846	0.8746197071393959	-440
A	422	42300	653	28.23111232099873	0.8829475928589269	25.553864678361276
A	423	42400	378	707.1701649565258	0.8910065241883677	-378
A	424	42500	765	461.20132797209345	0.8987940462991668	27.65863337187866
A	425	42600	837	808.675277322416	0.90630778703665	-837
A	426	42700	374	150.27987010043276	0.9135454576426009	19.339079605813716
A	427	42800	457	313.86926156330594	0.9205048534524403	-457
A	428	42900	462	309.74177291799367	0.9271838545667872	21.494185260204677
A	429	43000	710	272.80767851464503	0.9335804264972019	-710
A	430	43100	560	652.5400014196558	0.9396926207859084	23.664319132398465
A	431	43200	426	403.34124493985337	0.9455185755993167	-426
A	432	43300	279	102.84761636380324	0.9510565162951535	16.703293088490067
A	433	43400	869	954.6579067517645	0.9563047559630353	-869
A	434	43500	552	451.69454288233976	0.9612616959383189	23.49468024894146
A	435	43600	363	177.14900824041712	0.9659258262890683	-363
A	436	43700	750	826.6661156307753	0.9702957262759965	27.386127875258307
A	437	43800	784	358.6482026910908	0.9743700647852351	-784
A	438	43900	501	9.597308615082234	0.9781476007338057	22.38302928559939
A	439	44000	421	992.7181801965548	0.981627183447664	-421
A	440	44100	541	255.11060106436346	0.984807753012208	23.259406699226016
A	441	44200	945	848.6463466133812	0.9876883405951377	-945
A	442	44300	627	175.57012576191278	0.9902680687415703	25.03996805109783
A	443	44400	554	288.19334679111006	0.9925461516413221	-554
A	444	44500	580	459.0238226886794	0.9945218953682733	24.08318915758459
A	445	44600	777	571.7117581468417	0.9961946980917455	-777
A	446	44700	333	274.1589918683186	0.9975640502598242	18.24828759089466
A	447	44800	691	204.7826976662266	0.9986295347545739	-691
A	448	44900	769	158.27964795809467	0.9993908270190958	27.730849247724095
A	449	45000	548	424.54386159558254	0.9998476951563913	-548
A	450	45100	478	275.77322998668154	1.0	21.863211109075447
A	451	45200	889	205.97298922446515	0.9998476951563913	-889
A	452	45300	552	43.19463212931629	0.9993908270190958	23.49468024894146
A	453	45400	865	407.53947119749677	0.9986295347545738	-865
A	454	45500	492	490.3945127855405	0.9975640502598243	22.181073012818835
A	455	45600	781	920.2687305395968	0.9961946980917455	-781
A	456	45700	781	533.644265742288	0.9945218953682733	27.94637722496424
A	457	45800	617	755.4113261450944	0.992546151641322	-617
A	458	45900	544	679.1323244125058	0.9902680687415704	23.323807579381203
A	459	46000	357	287.381983118537	0.9876883405951377	-357
A	460	46100	444	432.1826168791533	0.9848077530122081	21.071307505705477
A	461	46200	217	128.6892386800781	0.9816271834476639	-217
A	462	46300	740	209.5719297716848	0.9781476007338058	27.202941017470888
A	463	46400	201	486.45269811343906	0.9743700647852352	-201
A	464	46500	231	213.00641823461163	0.9702957262759964	15.198684153570664
A	465	46600	231	890.6231857721039	0.9659258262890684	-231
A	466	46700	687	318.8598738598871	0.9612616959383189	26.210684844162312
A	467	46800	696	310.9233235615167	0.9563047559630358	-696
A	468	46900	720	517.5940144009088	0.9510565162951536	26.832815729997478
A	469	47000	579	408.25949616858315	0.9455185755993167	-579
A	470	47100	266	301.97234665958496	0.9396926207859086	16.30950643030009
A	471	47200	226	98.81342259538395	0.9335804264972017	-226
A	472	47300	748	504.9704771335901	0.9271838545667872	27.349588662354687
A	473	47400	456	277.23042617117477	0.9205048534524405	-456
A	474	47500	627	952.9703925660127	0.9135454576426008	25.03996805109783
A	475	47600	756	286.6592105685423	0.9063077870366503	-756
A	476	47700	257	838.534084797751	0.898794046299167	16.0312195418814
A	477	47800	245	510.6143362696199	0.8910065241883676	-245
A	478	47900	423	859.3728707984807	0.8829475928589272	20.566963801203133
A	479	48000	865	802.6259956193043	0.8746197071393957	-865
A	480	48100	404	168.13699708688824	0.8660254037844392	20.09975124224178
A	481	48200	306	278.56292551358655	0.8571673007021124	-306
A	482	48300	628	60.08120511605952	0.8480480961564257	25.059928172283335
A	483	48400	773	609.811517420896	0.8386705679454244	-773
A	484	48500	577	800.2638312659185	0.8290375725550416	24.020824298928627
A	485	48600	933	590.7477284731766	0.8191520442889924	-933
A	486	48700	802	530.835322856527	0.8090169943749477	28.319604517012593
A	487	48800	696	27.633568729820148	0.7986355100472926	-696
A	488	48900	645	152.17287276493164	0.7880107536067225	25.39685019840059
A	489	49000	390	36.65722156137219	0.7771459614569709	-390
A	490	49100	255	145.25276927062401	0.7660444431189776	15.968719422671311
A	491	49200	973	301.0543942893726	0.7547095802227722	-973
A	492	49300	498	475.8063057064984	0.743144825477394	22.315913604421397
A	493	49400	427	80.52670057197543	0.731353701619171	-427
A	494	49500	884	777.5642033572544	0.7193398003386512	29.732137494637012
A	495	49600	420	805.5307681733151	0.7071067811865471	-420
A	496	49700	812	602.45996810695	0.6946583704589977	28.495613697550013
A	497	49800	312	828.8172581637049	0.6819983600624984	-312
A	498	49900	273	740.3352218919391	0.6691306063588589	16.522711641858304
A	499	50000	423	455.81857924660574	0.6560590289905075	-423
A	500	50100	620	228.2728998707755	0.642787609686539	24.899799195977465
A	501	50200	695	136.49136630506408	0.629320391049838	-695
A	502	50300	909	792.359390782898	0.6156614753256583	30.14962686336267
A	503	50400	462	176.20288836438104	0.6018150231520492	-462
A	504	50500	699	477.545341224785	0.5877852522924734	26.43860813280457
A	505	50600	746	405.57180298787523	0.5735764363510458	-746
A	506	50700	786	734.7880126643989	0.5591929034707475	28.035691537752374
A	507	50800	956	7.33656142522332	0.5446390350150271	-956
A	508	50900	856	249.62902922623965	0.5299192642332045	29.257477676655586
A	509	51000	786	623.2638562880006	0.5150380749100546	-786
A	510	51100	828	733.0435605521023	0.4999999999999998	28.77498913987632
A	511	51200	811	505.4205750683469	0.4848096202463378	-811
A	512	51300	978	997.1443211530266	0.4694715627858909	31.272991542223778
A	513	51400	824	739.5830312799801	0.4539904997395463	-824
A	514	51500	947	487.5530506191693	0.4383711467890779	30.773365106858236
A	515	51600	693	263.2842967027995	0.42261826174069933	-693
A	516	51700	309	174.11265917046737	0.4067366430758011	17.578395831246947
A	517	51800	445	70.77257005055726	0.390731128489274	-445
A	518	51900	207	879.2575435711515	0.3746065934159116	14.38749456993816
A	519	52000	816	57.716934974708536	0.3583679495453009	-816
A	520	52100	848	847.1535599325053	0.3420201433256687	29.120439557122072
A	521	52200	713	87.13903421704572	0.325568154457156	-713
A	522	52300	984	973.5077001589304	0.3090169943749478	31.368774282716245
A	523	52400	803	300.37062756463393	0.2923717047227364	-803
A	524	52500	267	877.2637814435022	0.2756373558169999	16.34013463836819
A	525	52600	420	326.4609688063127	0.2588190451025208	-420
A	526	52700	380	655.6021599641837	0.24192189559966712	19.493588689617926
A	527	52800	249	692.0105452326306	0.22495105434386545	-249
A	528	52900	335	853.2141909881001	0.20791169081775912	18.303005217723125
A	529	53000	339	834.055174815757	0.19080899537654564	-339
A	530	53100	368	177.2740060672523	0.1736481776669305	19.183326093250876
A	531	53200	336	471.0475506700262	0.15643446504023034	-336
A	532	53300	413	484.2428565238166	0.139173100960066	20.322401432901575
A	533	53400	487	161.08496048708753	0.12186934340514735	-487
A	534	53500	618	151.64887318398112	0.10452846326765443	24.859605789312106
A	535	53600	941	345.42255703222025	0.08715574274765844	-941
A	536	53700	317	83.32853271579954	0.06975647374412487	17.804493814764857
A	537	53800	939	668.1018215590827	0.052335956242944494	-939
A	538	53900	215	281.215028853839	0.03489949670250094	14.66287829861518
A	539	54000	713	977.9108687012034	0.017452406437282793	-713
A	540	54100	516	989.0927133967965	3.6739403974420594e-16	22.715633383201094
A	541	54200	989	45.68112499431554	-0.017452406437283834	-989
A	542	54300	769	298.06019008037833	-0.034899496702500206	27.730849247724095
A	543	54400	686	288.7408525549959	-0.05233595624294376	-686
A	544	54500	268	715.8839173726915	-0.06975647374412591	16.3707055437449
A	545	54600	530	634.6933873693127	-0.08715574274765771	-530
A	546	54700	556	527.8002222462062	-0.10452846326765369	23.57965224510319
A	547	54800	947	786.3958546152235	-0.12186934340514662	-947
A	548	54900	226	527.105931853367	-0.13917310096006527	15.033296378372908
A	549	55000	834	601.7002200262194	-0.15643446504023137	-834
A	550	55100	541	469.3426731458179	-0.17364817766692978	23.259406699226016
A	551	55200	520	289.76722773294705	-0.19080899537654492	-520
A	552	55300	295	312.77736592271657	-0.2079116908177584	17.175564037317667
A	553	55400	205	148.67645577662668	-0.22495105434386473	-205
A	554	55500	206	946.3734079133357	-0.24192189559966812	14.352700094407323
A	555	55600	846	694.2796652261097	-0.25881904510252013	-846
A	556	55700	883	817.3376643527894	-0.2756373558169992	29.715315916207253
A	557	55800	735	196.53145281910977	-0.2923717047227374	-735
A	558	55900	540	250.44474022259334	-0.30901699437494706	23.2379000772445
A	559	56000	276	83.38526766724041	-0.325568154457157	-276
A	560	56100	314	655.8094832741806	-0.342020143325668	17.72004514666935
A	561	56200	583	951.9282330938661	-0.3583679495453002	-583
A	562	56300	801	295.0761476348347	-0.37460659341591257	28.30194339616981
A	563	56400	760	297.06924005694015	-0.3907311284892733	-760
A	564	56500	500	74.16431402787494	-0.4067366430758004	22.360679774997898
A	565	56600	324	744.763245920012	-0.42261826174069866	-324
A	566	56700	403	444.3339823870106	-0.43837114678907724	20.074859899884732
A	567	56800	861	659.633515936497	-0.45399049973954725	-861
A	568	56900	376	153.39251624108618	-0.46947156278589025	19.390719429665317
A	569	57000	457	962.5571988253599	-0.4848096202463371	-457
A	570	57100	960	427.52215423305773	-0.49999999999999917	30.983866769659336
A	571	57200	936	805.0646321483025	-0.5150380749100539	-936
A	572	57300	358	142.1118544936717	-0.5299192642332053	18.920887928424502
A	573	57400	917	891.5651750457862	-0.5446390350150265	-917
A	574	57500	934	324.4379612701611	-0.5591929034707468	30.56141357987225
A	575	57600	986	323.3709063770254	-0.5735764363510467	-986
A	576	57700	922	541.1661730083174	-0.5877852522924728	30.364452901377952
A	577	57800	692	535.4396034636453	-0.6018150231520485	-692
A	578	57900	738	122.67429760488547	-0.6156614753256576	27.16615541441225
A	579	58000	670	984.6326427857808	-0.6293203910498374	-670
A	580	58100	790	256.2022704438112	-0.6427876096865398	28.106938645110393
A	581	58200	347	817.8994703168622	-0.6560590289905069	-347
A	582	58300	968	713.7335427598787	-0.6691306063588583	31.11269837220809
A	583	58400	373	419.72250950022806	-0.6819983600624978	-373
A	584	58500	644	44.55213706889205	-0.6946583704589971	25.37715508089904
A	585	58600	602	274.1986100895112	-0.7071067811865479	-602
A	586	58700	811	287.78496485026085	-0.7193398003386507	28.478061731796284
A	587	58800	935	594.228657021878	-0.7313537016191706	-935
A	588	58900	492	864.2818937614805	-0.7431448254773936	22.181073012818835
A	589	59000	889	829.4792987315105	-0.7547095802227718	-889
A	590	59100	667	431.1906349749288	-0.7660444431189782	25.826343140289914
A	591	59200	465	31.01463174323682	-0.7771459614569705	-465
A	592	59300	836	721.9906036675309	-0.7880107536067219	28.91366458960192
A	593	59400	922	192.66160899868666	-0.7986355100472933	-922
A	594	59500	518	468.2889475504225	-0.8090169943749472	22.759613353482084
A	595	59600	758	47.84379714284592	-0.8191520442889919	-758
A	596	59700	867	83.56074412901016	-0.8290375725550413	29.444863728670914
A	597	59800	827	545.1321126890796	-0.8386705679454239	-827
A	598	59900	817	335.578890255688	-0.8480480961564263	28.583211855912904
A	599	60000	605	268.16973474392125	-0.857167300702112	-605
A	600	60100	636	643.5571669704298	-0.8660254037844387	25.219040425836983
A	601	60200	477	714.9820297387855	-0.8746197071393954	-477
A	602	60300	474	928.1333518005232	-0.8829475928589269	21.77154105707724
A	603	60400	288	730.1248324195598	-0.8910065241883681	-288
A	604	60500	200	897.1986969712495	-0.8987940462991667	14.142135623730951
A	605	60600	954	249.01159675861817	-0.90630778703665	-954
A	606	60700	311	255.17149110051417	-0.9135454576426005	17.635192088548397
A	607	60800	205	225.50378431594353	-0.9205048534524402	-205
A	608	60900	613	890.4119184254434	-0.9271838545667875	24.758836806279895
A	609	61000	635	90.51932383965489	-0.9335804264972015	-635
A	610	61100	658	270.79209441628103	-0.9396926207859084	25.65151067676132
A	611	61200	916	619.85699249574	-0.9455185755993171	-916
A	612	61300	815	822.2317258868808	-0.9510565162951534	28.548204847240395
A	613	61400	341	220.46705912296483	-0.9563047559630355	-341
A	614	61500	479	771.1856216789191	-0.9612616959383187	21.88606862823929
A	615	61600	289	545.1229139474555	-0.9659258262890682	-289
A	616	61700	236	265.5870720536844	-0.9702957262759966	15.362291495737216
A	617	61800	936	286.79700221952174	-0.9743700647852351	-936
A	618	61900	314	388.8543067675868	-0.9781476007338057	17.72004514666935
A	619	62000	624	901.4943976919802	-0.9816271834476638	-624
A	620	62100	652	775.2841314998666	-0.984807753012208	25.534290669607408
A	621	62200	245	297.94177027683855	-0.9876883405951378	-245
A	622	62300	506	760.4360609918685	-0.9902680687415703	22.494443758403985
A	623	62400	348	569.5333854879939	-0.9925461516413221	-348
A	624	62500	283	781.1288336030022	-0.9945218953682732	16.822603841260722
A	625	62600	952	24.73431537304105	-0.9961946980917455	-952
A	626	62700	785	504.97280523496056	-0.9975640502598243	28.0178514522438
A	627	62800	344	912.0828053483629	-0.9986295347545738	-344
A	628	62900	378	636.3958226219481	-0.9993908270190958	19.44222209522358
A	629	63000	691	672.9266476627988	-0.9998476951563913	-691
A	630	63100	666	979.5060342382335	-1.0	25.80697580112788
A	631	63200	542	10.280597768808185	-0.9998476951563913	-542
A	632	63300	755	961.9170817258338	-0.9993908270190958	27.477263328068172
A	633	63400	723	848.0278875002358	-0.9986295347545738	-723
A	634	63500	693	708.3922147125677	-0.9975640502598242	26.324893162176366
A	635	63600	844	331.28542158499	-0.9961946980917455	-844
A	636	63700	574	982.5853400247372	-0.9945218953682733	23.958297101421877
A	637	63800	463	603.0976577809403	-0.9925461516413221	-463
A	638	63900	907	616.6018809742449	-0.9902680687415704	30.116440692751194
A	639	64000	505	592.8241289708913	-0.9876883405951377	-505
A	640	64100	411	961.0948080247992	-0.9848077530122081	20.273134932713294
A	641	64200	714	368.3194646351141	-0.981627183447664	-714
A	642	64300	200	868.6316579789533	-0.9781476007338058	14.142135623730951
A	643	64400	589	784.3747455595692	-0.9743700647852354	-589
A	644	64500	672	938.2908073601731	-0.9702957262759964	25.92296279363144
A	645	64600	997	783.9590225174627	-0.9659258262890684	-997
A	646	64700	732	736.5520719519483	-0.9612616959383189	27.055498516937366
A	647	64800	772	335.83396909048747	-0.9563047559630353	-772
A	648	64900	934	560.0127204516261	-0.9510565162951538	30.56141357987225
A	649	65000	363	422.83416486192004	-0.9455185755993167	-363
A	650	65100	374	124.72133158002441	-0.9396926207859086	19.339079605813716
A	651	65200	735	690.2202784721829	-0.9335804264972019	-735
A	652	65300	953	415.79483967502426	-0.9271838545667872	30.870698080866262
A	653	65400	626	165.61433454208586	-0.9205048534524405	-626
A	654	65500	498	205.73078761657936	-0.9135454576426009	22.315913604421397
A	655	65600	630	845.0545992801584	-0.9063077870366504	-630
A	656	65700	733	604.5212573926768	-0.8987940462991671	27.073972741361768
A	657	65800	389	628.5084887758853	-0.8910065241883677	-389
A	658	65900	820	865.033506307375	-0.8829475928589272	28.635642126552707
A	659	66000	545	916.7962362419811	-0.8746197071393957	-545
A	660	66100	527	766.7401710739723	-0.8660254037844392	22.956480566497994
A	661	66200	307	442.08990440557307	-0.8571673007021124	-307
A	662	66300	324	375.4343031622226	-0.8480480961564258	18.0
A	663	66400	757	647.9619351072079	-0.8386705679454244	-757
A	664	66500	834	123.84622280901102	-0.8290375725550417	28.879058156387302
A	665	66600	411	44.77418613274187	-0.8191520442889915	-411
A	666	66700	464	549.6313410177308	-0.8090169943749477	21.540659228538015
A	667	66800	439	739.0145311695345	-0.7986355100472927	-439
A	668	66900	462	508.1142571138724	-0.7880107536067225	21.494185260204677
A	669	67000	954	928.1284091859944	-0.777145961456971	-954
A	670	67100	952	227.8733349811858	-0.7660444431189777	30.854497241083024
A	671	67200	637	527.0098924383683	-0.7547095802227723	-637
A	672	67300	567	691.5446843164943	-0.7431448254773941	23.811761799581316
A	673	67400	665	883.5810820746016	-0.7313537016191711	-665
A	674	67500	561	787.6440858380148	-0.7193398003386513	23.68543856465402
A	675	67600	405	504.6987442935863	-0.7071067811865472	-405
A	676	67700	380	31.17598172797653	-0.6946583704589978	19.493588689617926
A	677	67800	732	743.4833264664746	-0.6819983600624985	-732
A	678	67900	584	87.54710293184176	-0.669130606358859	24.166091947189145
A	679	68000	439	534.380823650234	-0.6560590289905076	-439
A	680	68100	218	95.72305780334256	-0.642787609686539	14.7648230602334
A	681	68200	581	844.8046541947209	-0.6293203910498381	-581
A	682	68300	582	982.7539265337962	-0.6156614753256583	24.124676163629637
A	683	68400	469	466.7513560567047	-0.6018150231520478	-469
A	684	68500	650	112.655580782121	-0.5877852522924735	25.495097567963924
A	685	68600	925	890.6402774784148	-0.5735764363510459	-925
A	686	68700	593	824.931655142915	-0.5591929034707476	24.351591323771842
A	687	68800	733	897.9612019008429	-0.5446390350150272	-733
A	688	68900	702	845.1952256728348	-0.5299192642332046	26.49528259898354
A	689	69000	642	873.8719775692401	-0.5150380749100547	-642
A	690	69100	638	186.9751922792894	-0.4999999999999999	25.25866188063018
A	691	69200	265	816.7925741541579	-0.4848096202463379	-265
A	692	69300	954	936.2364326209408	-0.46947156278589103	30.886890422961002
A	693	69400	653	628.7998851512675	-0.4539904997395464	-653
A	694	69500	700	121.10207521415161	-0.438371146789078	26.457513110645905
A	695	69600	843	452.02849386956166	-0.42261826174069944	-843
A	696	69700	274	46.97603641491421	-0.4067366430758012	16.55294535724685
A	697	69800	250	786.0041768864119	-0.3907311284892741	-250
A	698	69900	208	658.0881354684528	-0.37460659341591174	14.422205101855956
A	699	70000	720	921.8284080952837	-0.358367949545301	-720
A	700	70100	997	946.4435091342747	-0.3420201433256688	31.575306807693888
A	701	70200	346	958.6769068546903	-0.3255681544571561	-346
A	702	70300	609	549.0356229086187	-0.3090169943749479	24.677925358506133
A	703	70400	595	868.445392645189	-0.29237170472273655	-595
A	704	70500	389	649.900089251023	-0.27563735581700005	19.72308292331602
A	705	70600	898	151.09358677562045	-0.25881904510252096	-898
A	706	70700	972	500.1698640737763	-0.24192189559966723	31.176914536239792
A	707	70800	535	166.92448397894978	-0.22495105434386556	-535
A	708	70900	308	953.6035037107813	-0.20791169081775923	17.549928774784245
A	709	71000	890	141.29113534211413	-0.19080899537654578	-890
A	710	71100	513	577.3731155062304	-0.17364817766693064	22.64950330581225
A	711	71200	574	962.4060457725116	-0.15643446504023048	-574
A	712	71300	422	552.2601174511905	-0.13917310096006613	20.54263858417414
A	713	71400	487	569.7883276939681	-0.12186934340514748	-487
A	714	71500	972	996.1818821455842	-0.10452846326765454	31.176914536239792
A	715	71600	583	645.2294334825802	-0.08715574274765855	-583
A	716	71700	348	206.9926564355993	-0.069756473744125	18.65475810617763
A	717	71800	283	840.2703631871627	-0.05233595624294462	-283
A	718	71900	856	991.2422400788028	-0.034899496702501066	29.257477676655586
A	719	72000	320	139.72919774594982	-0.017452406437282915	-320
A	720	72100	895	548.0412625647427	-4.898587196589413e-16	29.916550603303182
A	721	72200	499	189.28676478537042	0.017452406437283713	-499
A	722	72300	237	206.55236985573433	0.03489949670250009	15.394804318340652
A	723	72400	859	357.2306536374582	0.05233595624294364	-859
A	724	72500	789	677.8322935592954	0.06975647374412579	28.089143810376278
A	725	72600	984	135.07074941962048	0.08715574274765758	-984
A	726	72700	262	453.18791199712007	0.10452846326765357	16.186414056238647
A	727	72800	566	400.73479793427737	0.1218693434051465	-566
A	728	72900	256	952.0243479701176	0.13917310096006516	16.0
A	729	73000	651	693.4894441113274	0.15643446504023126	-651
A	730	73100	740	110.95899205815762	0.17364817766692967	27.202941017470888
A	731	73200	618	390.4521069750933	0.1908089953765448	-618
A	732	73300	335	271.3694858343563	0.20791169081775826	18.303005217723125
A	733	73400	723	495.73421613799405	0.22495105434386461	-723
A	734	73500	724	804.0694552286927	0.241921895599668	26.90724809414742
A	735	73600	574	642.2078363479752	0.25881904510252	-574
A	736	73700	597	975.4179698744997	0.2756373558169991	24.43358344574123
A	737	73800	832	128.8866670087554	0.29237170472273727	-832
A	738	73900	672	904.7162851566329	0.30901699437494695	25.92296279363144
A	739	74000	851	950.216594690299	0.32556815445715687	-851
A	740	74100	263	760.2731086869333	0.3420201433256679	16.217274740226856
A	741	74200	450	568.3044855679655	0.3583679495453001	-450
A	742	74300	342	452.66049335449907	0.37460659341591246	18.49324200890693
A	743	74400	701	591.4497185752263	0.3907311284892732	-701
A	744	74500	409	770.0935473550135	0.40673664307580026	20.223748416156685
A	745	74600	655	185.9384714572647	0.42261826174069855	-655
A	746	74700	759	707.465772626516	0.4383711467890771	27.54995462791182
A	747	74800	389	172.5982358665642	0.45399049973954714	-389
A	748	74900	808	189.60660835370214	0.46947156278589014	28.42534080710379
A	749	75000	629	671.0729822795674	0.484809620246337	-629
A	750	75100	544	906.2985346620153	0.49999999999999906	23.323807579381203
A	751	75200	938	509.9148200546698	0.5150380749100538	-938
A	752	75300	727	913.3822710474972	0.5299192642332052	26.962937525425527
A	753	75400	927	659.5426623987097	0.5446390350150264	-927
A	754	75500	949	95.98635251006948	0.5591929034707467	30.805843601498726
A	755	75600	392	65.69009358769162	0.5735764363510466	-392
A	756	75700	674	380.22419886848616	0.5877852522924727	25.96150997149434
A	757	75800	884	608.0308475904745	0.6018150231520484	-884
A	758	75900	591	941.8763884473929	0.6156614753256575	24.310491562286437
A	759	76000	532	517.8294364059992	0.6293203910498373	-532
A	760	76100	376	146.61417984892157	0.6427876096865397	19.390719429665317
A	761	76200	270	855.4156655051569	0.6560590289905068	-270
A	762	76300	357	204.26428592344803	0.6691306063588582	18.894443627691185
A	763	76400	390	13.401420637463968	0.6819983600624978	-390
A	764	76500	455	630.750267489159	0.694658370458997	21.330729007701542
A	765	76600	962	102.46681187800365	0.7071067811865478	-962
A	766	76700	499	863.7967392656805	0.7193398003386506	22.338307903688676
A	767	76800	915	706.3281944981863	0.7313537016191705	-915
A	768	76900	872	983.253101276962	0.7431448254773947	29.5296461204668
A	769	77000	726	425.3889712003408	0.7547095802227717	-726
A	770	77100	633	808.2330523943107	0.7660444431189782	25.15949125081825
A	771	77200	459	586.9130995026335	0.7771459614569703	-459
A	772	77300	403	547.870139149637	0.7880107536067219	20.074859899884732
A	773	77400	966	456.66502204989746	0.7986355100472932	-966
A	774	77500	536	123.61225213918536	0.8090169943749471	23.15167380558045
A	775	77600	733	880.3882614485921	0.8191520442889919	-733
A	776	77700	833	924.5056384384753	0.8290375725550412	28.861739379323623
A	777	77800	756	659.6120251912178	0.8386705679454239	-756
A	778	77900	707	802.8819080202667	0.8480480961564262	26.589471600616662
A	779	78000	897	83.7250107784906	0.857167300702112	-897
A	780	78100	547	327.20814113538097	0.8660254037844387	23.388031127053
A	781	78200	944	325.99744326416914	0.8746197071393953	-944
A	782	78300	395	220.0197909440511	0.8829475928589268	19.87460691435179
A	783	78400	575	255.11767206940917	0.891006524188368	-575
A	784	78500	555	563.7032111671273	0.8987940462991667	23.558437978779494
A	785	78600	541	881.4942636720302	0.9063077870366499	-541
A	786	78700	817	29.43933809347876	0.9135454576426012	28.583211855912904
A	787	78800	973	67.08581337357211	0.9205048534524402	-973
A	788	78900	639	130.60568052424117	0.9271838545667875	25.278449319529077
A	789	79000	810	453.05456734264817	0.9335804264972014	-810
A	790	79100	433	232.63354434310912	0.9396926207859083	20.808652046684813
A	791	79200	664	335.73001630034827	0.945518575599317	-664
A	792	79300	227	887.0693033123418	0.9510565162951534	15.066519173319364
A	793	79400	420	311.4460942684577	0.9563047559630355	-420
A	794	79500	313	264.53302510438124	0.9612616959383186	17.69180601295413
A	795	79600	948	567.8639298546408	0.9659258262890682	-948
A	796	79700	587	129.87855441074248	0.9702957262759966	24.228082879171435
A	797	79800	513	118.81938140575066	0.9743700647852351	-513
A	798	79900	979	31.965597292039515	0.9781476007338057	31.28897569432403
A	799	80000	791	615.1539561828598	0.9816271834476638	-791
A	800	80100	868	139.41373887222286	0.984807753012208	29.46183972531247
A	801	80200	736	315.7989391543721	0.9876883405951378	-736
A	802	80300	993	361.2887399830188	0.9902680687415703	31.51190251317746
A	803	80400	692	384.0415394948061	0.992546151641322	-692
A	804	80500	666	763.5154108657835	0.9945218953682734	25.80697580112788
A	805	80600	583	356.42772914926826	0.9961946980917455	-583
A	806	80700	956	396.91369615932337	0.9975640502598243	30.919249667480614
A	807	80800	838	494.1712512987213	0.9986295347545738	-838
A	808	80900	833	926.770760374726	0.9993908270190958	28.861739379323623
A	809	81000	304	506.8029655228401	0.9998476951563913	-304
A	810	81100	443	650.6773139473505	1.0	21.047565179849187
A	811	81200	809	873.5584309143085	0.9998476951563913	-809
A	812	81300	765	949.9840649835586	0.9993908270190958	27.65863337187866
A	813	81400	730	483.4418779415631	0.9986295347545738	-730
A	814	81500	216	393.389726166125	0.9975640502598242	14.696938456699069
A	815	81600	545	97.5593943014751	0.9961946980917455	-545
A	816	81700	488	913.1195921028705	0.9945218953682733	22.090722034374522
A	817	81800	495	104.59092806786919	0.9925461516413222	-495
A	818	81900	298	802.7451006169724	0.9902680687415704	17.26267650163207
A	819	82000	655	226.06514557683954	0.9876883405951377	-655
A	820	82100	926	75.73833504349837	0.9848077530122082	30.430248109405877
A	821	82200	661	208.18559102338585	0.981627183447664	-661
A	822	82300	261	614.4605379721698	0.9781476007338055	16.15549442140351
A	823	82400	873	778.5160713120715	0.9743700647852354	-873
A	824	82500	251	879.1711761196818	0.9702957262759964	15.84297951775486
A	825	82600	218	926.8602373714563	0.9659258262890685	-218
A	826	82700	706	67.28197841116435	0.9612616959383189	26.570660511172846
A	827	82800	505	419.080309166928	0.9563047559630353	-505
A	828	82900	383	908.7562123860841	0.9510565162951538	19.570385790780925
A	829	83000	975	783.1217095316018	0.9455185755993167	-975
A	830	83100	459	449.12147661386626	0.9396926207859088	21.42428528562855
A	831	83200	984	205.194671112365	0.9335804264972019	-984
A	832	83300	395	879.9749084883279	0.9271838545667872	19.87460691435179
A	833	83400	886	894.8600892010337	0.9205048534524406	-886
A	834	83500	446	679.2882630983892	0.9135454576426009	21.118712081942874
A	835	83600	577	676.8055468324079	0.9063077870366504	-577
A	836	83700	306	260.6695474137117	0.8987940462991671	17.4928556845359
A	837	83800	597	293.1554103262287	0.8910065241883677	-597
A	838	83900	917	695.8573697493383	0.8829475928589273	30.28200785945344
A	839	84000	332	569.384710571807	0.8746197071393959	-332
A	840	84100	649	475.26451438863313	0.8660254037844384	25.475478405713993
A	841	84200	498	597.9623051377487	0.8571673007021126	-498
A	842	84300	787	438.081860137545	0.8480480961564258	28.053520278211074
A	843	84400	215	547.6448120479664	0.8386705679454245	-215
A	844	84500	896	902.8425601834125	0.8290375725550418	29.93325909419153
A	845	84600	222	843.4662055635391	0.8191520442889915	-222
A	846	84700	495	310.5454973664968	0.8090169943749478	22.24859546128699
A	847	84800	755	485.5657458152146	0.7986355100472928	-755
A	848	84900	475	745.1541636779024	0.7880107536067226	21.79449471770337
A	849	85000	831	406.6602329704816	0.777145961456971	-831
A	850	85100	965	30.89080375909714	0.7660444431189778	31.064449134018133
A	851	85200	904	189.8537089376975	0.7547095802227725	-904
A	852	85300	725	809.6701742526186	0.7431448254773942	26.92582403567252
A	853	85400	859	111.57020288737674	0.7313537016191712	-859
A	854	85500	506	842.6823338127152	0.7193398003386514	22.494443758403985
A	855	85600	839	966.3173139438243	0.7071067811865474	-839
A	856	85700	845	763.7678015660196	0.6946583704589978	29.068883707497267
A	857	85800	566	665.7268721567389	0.6819983600624986	-566
A	858	85900	595	76.54392625964113	0.6691306063588578	24.392621835300936
A	859	86000	504	31.13824284868949	0.6560590289905076	-504
A	860	86100	795	474.10123692652905	0.6427876096865391	28.19574435974337
A	861	86200	893	478.8251084556814	0.6293203910498382	-893
A	862	86300	633	226.59950244464244	0.6156614753256584	25.15949125081825
A	863	86400	335	129.55211948915723	0.6018150231520479	-335
A	864	86500	510	967.8547624514713	0.5877852522924736	22.58317958127243
A	865	86600	747	807.9736998014095	0.573576436351046	-747
A	866	86700	761	56.72622241457681	0.5591929034707477	27.586228448267445
A	867	86800	605	832.2206007678349	0.5446390350150273	-605
A	868	86900	612	662.0632203910591	0.5299192642332046	24.73863375370596
A	869	87000	405	641.2405456989894	0.5150380749100548	-405
A	870	87100	857	355.1734633117063	0.5	29.274562336608895
A	871	87200	379	390.56322766442054	0.484809620246338	-379
A	872	87300	498	385.75594945650107	0.46947156278589114	22.315913604421397
A	873	87400	423	661.7718015392762	0.4539904997395465	-423
A	874	87500	691	218.86068027285765	0.4383711467890781	26.28687885618983
A	875	87600	766	793.1341044385757	0.42261826174069955	-766
A	876	87700	413	465.278495976728	0.40673664307579965	20.322401432901575
A	877	87800	678	425.81038524695504	0.3907311284892742	-678
A	878	87900	525	651.8556903995046	0.37460659341591185	22.9128784747792
A	879	88000	930	376.9325982313374	0.3583679495453011	-930
A	880	88100	840	613.1797749838324	0.34202014332566893	28.982753492378876
A	881	88200	221	695.6754754485711	0.3255681544571562	-221
A	882	88300	210	684.5859100974214	0.309016994374948	14.491376746189438
A	883	88400	928	235.89891630760107	0.29237170472273666	-928
A	884	88500	314	142.82603738560573	0.27563735581700016	17.72004514666935
A	885	88600	779	60.015876916087784	0.2588190451025211	-779
A	886	88700	287	478.7044072143283	0.24192189559966734	16.941074346097416
A	887	88800	735	884.9964529864416	0.22495105434386567	-735
A	888	88900	509	305.14126811516616	0.20791169081775934	22.561028345356956
A	889	89000	757	670.8869052560372	0.1908089953765459	-757
A	890	89100	254	635.2478851157477	0.17364817766693075	15.937377450509228
A	891	89200	494	491.09795907718325	0.1564344650402306	-494
A	892	89300	639	675.8341352446289	0.13917310096006624	25.278449319529077
A	893	89400	930	63.6993635973051	0.1218693434051476	-930
A	894	89500	371	424.969945974928	0.1045284632676529	19.261360284258224
A	895	89600	444	244.8667032568299	0.08715574274765868	-444
A	896	89700	582	829.7837396196884	0.06975647374412512	24.124676163629637
A	897	89800	469	984.5129850166477	0.05233595624294474	-469
A	898	89900	724	561.1545979798736	0.034899496702501184	26.90724809414742
A	899	90000	533	367.9975087938331	0.01745240643728304	-533
A	900	90100	326	1.9610862180295952	6.123233995736766e-16	18.05547008526779
A	901	90200	889	142.31964030209886	-0.01745240643728359	-889
A	902	90300	964	701.1254443190103	-0.03489949670249996	31.04834939252005
A	903	90400	290	29.97552546801563	-0.052335956242943515	-290
A	904	90500	418	548.8041560866917	-0.06975647374412568	20.445048300260872
A	905	90600	679	359.10846928297303	-0.08715574274765746	-679
A	906	90700	562	767.5595241164377	-0.10452846326765344	23.706539182259394
A	907	90800	920	303.2242556696929	-0.12186934340514638	-920
A	908	90900	398	328.1914469723463	-0.13917310096006502	19.949937343260004
A	909	91000	608	69.64814508071882	-0.15643446504023115	-608
A	910	91100	763	306.9422018470049	-0.17364817766692955	27.622454633866266
A	911	91200	821	920.6559208363207	-0.1908089953765447	-821
A	912	91300	784	714.5840457937513	-0.2079116908177599	28.0
A	913	91400	552	84.36694491287511	-0.22495105434386448	-552
A	914	91500	766	46.05268739724433	-0.2419218955996679	27.676705006196094
A	915	91600	966	510.1084476966056	-0.25881904510251985	-966
A	916	91700	451	311.0593791252313	-0.27563735581699894	21.236760581595302
A	917	91800	995	994.3705443421615	-0.2923717047227355	-995
A	918	91900	631	267.24993394088324	-0.3090169943749485	25.11971337416094
A	919	92000	402	20.179313168469992	-0.32556815445715676	-402
A	920	92100	638	272.0839520931717	-0.34202014332566777	25.25866188063018
A	921	92200	476	119.44916496102853	-0.3583679495453016	-476
A	922	92300	884	655.4328358172118	-0.37460659341591235	29.732137494637012
A	923	92400	340	4.59166802499078	-0.3907311284892731	-340
A	924	92500	660	373.17138510820666	-0.40673664307579854	25.69046515733026
A	925	92600	713	335.7087456512129	-0.42261826174070005	-713
A	926	92700	473	761.074057430178	-0.438371146789077	21.748563170931547
A	927	92800	515	249.6445622645056	-0.4539904997395454	-515
A	928	92900	278	689.1635641028017	-0.46947156278589164	16.673332000533065
A	929	93000	639	61.88647430890881	-0.4848096202463369	-639
A	930	93100	643	512.9075083960223	-0.49999999999999895	25.357444666211933
A	931	93200	353	283.2256311127391	-0.5150380749100553	-353
A	932	93300	856	208.8468854143698	-0.5299192642332051	29.257477676655586
A	933	93400	931	464.35224545586686	-0.5446390350150263	-931
A	934	93500	595	531.3267134614383	-0.5591929034707451	24.392621835300936
A	935	93600	456	786.9705794185878	-0.5735764363510465	-456
A	936	93700	838	262.83476652674955	-0.5877852522924726	28.948229652260256
A	937	93800	884	605.5971049098645	-0.6018150231520469	-884
A	938	93900	816	651.9023540872532	-0.6156614753256588	28.5657137141714
A	939	94000	273	330.67747207512787	-0.6293203910498372	-273
A	940	94100	974	296.0931004105313	-0.6427876096865383	31.20897306865447
A	941	94200	606	317.8979402099099	-0.656059028990508	-606
A	942	94300	559	283.84828035034826	-0.6691306063588581	23.643180835073778
A	943	94400	411	82.68944536191158	-0.6819983600624977	-411
A	944	94500	840	638.8664835069408	-0.6946583704589983	28.982753492378876
A	945	94600	490	926.3746356404829	-0.7071067811865477	-490
A	946	94700	236	459.72331388626964	-0.7193398003386505	15.362291495737216
A	947	94800	671	538.9942360665345	-0.7313537016191691	-671
A	948	94900	684	393.339340203671	-0.7431448254773946	26.153393661244042
A	949	95000	664	719.4768624147052	-0.7547095802227717	-664
A	950	95100	218	802.2801483849735	-0.766044443118977	14.7648230602334
A	951	95200	904	892.994193828002	-0.7771459614569715	-904
A	952	95300	736	608.599234759076	-0.7880107536067218	27.129319932501073
A	953	95400	767	955.4852389360999	-0.798635510047292	-767
A	954	95500	600	367.99677456719337	-0.8090169943749481	24.49489742783178
A	955	95600	514	44.22656085419585	-0.8191520442889918	-514
A	956	95700	465	404.31133819952834	-0.8290375725550411	21.563858652847824
A	957	95800	873	554.5245495984043	-0.8386705679454248	-873
A	958	95900	336	913.8177165605136	-0.8480480961564262	18.33030277982336
A	959	96000	537	552.8567665278176	-0.8571673007021119	-537
A	960	96100	339	709.5073443122093	-0.8660254037844377	18.411952639521967
A	961	96200	376	795.2178285628632	-0.8746197071393961	-376
A	962	96300	446	126.36911788972749	-0.8829475928589268	21.118712081942874
A	963	96400	868	646.0515261930855	-0.8910065241883671	-868
A	964	96500	983	302.28096698660545	-0.8987940462991674	31.352830813181765
A	965	96600	332	676.0096426376364	-0.9063077870366499	-332
A	966	96700	200	500.2071209369265	-0.9135454576426004	14.142135623730951
A	967	96800	602	539.7691381765999	-0.9205048534524408	-602
A	968	96900	954	458.243623221915	-0.9271838545667874	30.886890422961002
A	969	97000	937	398.8903841361565	-0.9335804264972014	-937
A	970	97100	528	189.85688595476492	-0.9396926207859077	22.978250586152114
A	971	97200	501	464.55766306919975	-0.945518575599317	-501
A	972	97300	504	324.7982239058823	-0.9510565162951534	22.44994432064365
A	973	97400	297	282.3252339389832	-0.956304755963035	-297
A	974	97500	282	82.36276060558589	-0.961261695938319	16.792855623746664
A	975	97600	708	293.9192721978381	-0.9659258262890682	-708
A	976	97700	747	872.0763036200804	-0.9702957262759961	27.331300737432898
A	977	97800	776	82.54622950231116	-0.9743700647852355	-776
A	978	97900	210	189.90223902526415	-0.9781476007338056	14.491376746189438
A	979	98000	430	518.2425861120224	-0.9816271834476638	-430
A	980	98100	274	420.76317974857704	-0.9848077530122082	16.55294535724685
A	981	98200	242	472.0655738745673	-0.9876883405951378	-242
A	982	98300	276	813.0678104567381	-0.9902680687415701	16.61324772583615
A	983	98400	902	856.9106191222963	-0.9925461516413218	-902
A	984	98500	738	559.7659020531568	-0.9945218953682734	27.16615541441225
A	985	98600	775	586.3092202444226	-0.9961946980917454	-775
A	986	98700	561	140.20974277520426	-0.9975640502598241	23.68543856465402
A	987	98800	958	774.2481635239245	-0.9986295347545739	-958
A	988	98900	396	487.66117272454744	-0.9993908270190958	19.8997487421324
A	989	99000	511	569.8570287492079	-0.9998476951563913	-511
A	990	99100	790	122.9735868953229	-1.0	28.106938645110393
A	991	99200	896	882.4909365491224	-0.9998476951563913	-896
A	992	99300	801	362.9803765707823	-0.9993908270190958	28.30194339616981
A	993	99400	487	156.07722041252313	-0.9986295347545738	-487
A	994	99500	653	366.02281416658224	-0.9975640502598242	25.553864678361276
A	995	99600	417	89.63376733151762	-0.9961946980917455	-417
A	996	99700	895	850.159849181757	-0.9945218953682735	29.916550603303182
A	997	99800	935	413.12702562289195	-0.992546151641322	-935
A	998	99900	453	606.2226558066494	-0.9902680687415704	21.283796653792763
A	999	100000	676	921.783768235116	-0.987688340595138	-676
