A;0;100;477;389.06226433304624;0.0;21.840329667841555
A;1;200;828;56.43054503548228;0.01745240643728351;-828
A;2;300;433;254.1092203098062;0.03489949670250097;20.808652046684813
A;3;400;774;626.0890901191231;0.052335956242943835;-774
A;4;500;770;228.79099345979037;0.0697564737441253;27.748873851023216
A;5;600;277;154.61154701198853;0.08715574274765817;-277
A;6;700;500;576.6678929582424;0.10452846326765347;22.360679774997898
A;7;800;422;552.3102686648434;0.12186934340514748;-422
A;8;900;496;902.3731113378866;0.13917310096006544;22.271057451320086
A;9;1000;241;488.5484352674684;0.15643446504023087;-241
A;10;1100;926;436.33694539786563;0.17364817766693033;30.430248109405877
A;11;1200;780;319.3386912196674;0.1908089953765448;-780
A;12;1300;748;912.5951963350844;0.20791169081775934;27.349588662354687
A;13;1400;993;433.3556295698737;0.224951054343865;-993
A;14;1500;560;598.0500525159249;0.24192189559966773;23.664319132398465
A;15;1600;660;342.9496390575767;0.25881904510252074;-660
A;16;1700;332;557.0605000349407;0.27563735581699916;18.2208671582886
A;17;1800;375;945.6236571420476;0.29237170472273677;-375
A;18;1900;456;122.47092157368722;0.3090169943749474;21.354156504062622
A;19;2000;493;441.95986679570643;0.3255681544571567;-493
A;20;2100;830;272.76691868497835;0.3420201433256687;28.809720581775867
A;21;2200;321;922.48978199891;0.35836794954530027;-321
A;22;2300;646;50.47299017741436;0.374606593415912;25.41653005427767
A;23;2400;222;183.3135835055909;0.39073112848927377;-222
A;24;2500;295;405.5989229216159;0.4067366430758002;17.175564037317667
A;25;2600;509;758.8066847561938;0.42261826174069944;-509
A;26;2700;210;136.02249333172267;0.4383711467890774;14.491376746189438
A;27;2800;456;358.90180745818066;0.45399049973954675;-456
A;28;2900;484;541.2893421836492;0.4694715627858908;22.0
A;29;3000;912;449.97201842780953;0.48480962024633706;-912
A;30;3100;616;543.1193141816701;0.49999999999999994;24.819347291981714
A;31;3200;336;972.9908115137955;0.5150380749100542;-336
A;32;3300;233;491.3545718384359;0.5299192642332049;15.264337522473747
A;33;3400;254;976.9587200652182;0.5446390350150271;-254
A;34;3500;993;810.3510057550945;0.5591929034707469;31.51190251317746
A;35;3600;956;636.1602293161644;0.573576436351046;-956
A;36;3700;474;662.5312363581623;0.5877852522924731;21.77154105707724
A;37;3800;610;146.44027004915938;0.6018150231520483;-610
A;38;3900;242;209.2769075806038;0.6156614753256583;15.556349186104045
A;39;4000;939;162.75692745785153;0.6293203910498374;-939
A;40;4100;642;315.57864705885186;0.6427876096865393;25.337718918639855
A;41;4200;569;389.6132183299409;0.6560590289905073;-569
A;42;4300;732;756.3934925782288;0.6691306063588582;27.055498516937366
A;43;4400;381;931.659588055815;0.6819983600624985;-381
A;44;4500;596;594.8948683891144;0.6946583704589973;24.413111231467404
A;45;4600;615;639.6798597326875;0.7071067811865475;-615
A;46;4700;297;222.9989548148098;0.7193398003386511;17.233687939614086
A;47;4800;607;828.5495950833296;0.7313537016191705;-607
A;48;4900;649;258.0102812930083;0.7431448254773942;25.475478405713993
A;49;5000;958;552.1447344018505;0.754709580222772;-958
A;50;5100;781;178.68939155701224;0.766044443118978;27.94637722496424
A;51;5200;558;958.4003855993576;0.7771459614569709;-558
A;52;5300;365;70.21579634734576;0.788010753606722;19.1049731745428
A;53;5400;776;252.6905922669902;0.7986355100472928;-776
A;54;5500;488;742.1205365601998;0.8090169943749475;22.090722034374522
A;55;5600;649;298.42565055981976;0.8191520442889918;-649
A;56;5700;703;83.89663221134857;0.8290375725550417;26.514147167125703
A;57;5800;364;806.4994321659702;0.838670567945424;-364
A;58;5900;588;612.0474150087706;0.848048096156426;24.24871130596428
A;59;6000;276;24.010057190414603;0.8571673007021123;-276
A;60;6100;374;950.1379334587884;0.8660254037844386;19.339079605813716
A;61;6200;362;143.1952251275479;0.8746197071393957;-362
A;62;6300;521;573.0710077458107;0.8829475928589269;22.825424421026653
A;63;6400;364;110.93808859574861;0.8910065241883678;-364
A;64;6500;862;914.7426495108456;0.898794046299167;29.359836511806396
A;65;6600;764;994.6305892886835;0.9063077870366499;-764
A;66;6700;476;125.58947198741066;0.9135454576426009;21.817424229271428
A;67;6800;316;995.4211881362604;0.9205048534524404;-316
A;68;6900;351;19.17051844762252;0.9271838545667874;18.734993995195193
A;69;7000;229;751.3612770344204;0.9335804264972017;-229
A;70;7100;265;802.9234336770137;0.9396926207859083;16.278820596099706
A;71;7200;798;750.9593060022256;0.9455185755993167;-798
A;72;7300;551;821.6500415670323;0.9510565162951535;23.473389188611005
A;73;7400;241;474.2571936420601;0.9563047559630354;-241
A;74;7500;826;294.6398885509206;0.9612616959383189;28.74021572639983
A;75;7600;709;196.86135996555709;0.9659258262890683;-709
A;76;7700;744;270.1009100911059;0.9702957262759965;27.27636339397171
A;77;7800;733;103.61930045352452;0.9743700647852352;-733
A;78;7900;262;692.6015209948863;0.9781476007338056;16.186414056238647
A;79;8000;253;8.9934229803611;0.981627183447664;-253
A;80;8100;641;626.0015649225667;0.984807753012208;25.317977802344327
A;81;8200;944;534.383308194465;0.9876883405951378;-944
A;82;8300;586;548.1666178518487;0.9902680687415704;24.20743687382041
A;83;8400;544;899.3385106590393;0.992546151641322;-544
A;84;8500;279;811.9719910704059;0.9945218953682733;16.703293088490067
A;85;8600;714;564.9809021974916;0.9961946980917455;-714
A;86;8700;878;360.6620003491324;0.9975640502598242;29.631064780058107
A;87;8800;811;411.5199386574491;0.9986295347545738;-811
A;88;8900;554;335.2849418285593;0.9993908270190958;23.53720459187964
A;89;9000;825;846.8231188642824;0.9998476951563913;-825
A;90;9100;435;40.75368038229421;1.0;20.85665361461421
A;91;9200;378;717.206662217776;0.9998476951563913;-378
A;92;9300;897;925.3905309296356;0.9993908270190958;29.949958263743873
A;93;9400;905;927.6922241737475;0.9986295347545738;-905
A;94;9500;895;85.83380001681485;0.9975640502598242;29.916550603303182
A;95;9600;557;181.87237873859752;0.9961946980917455;-557
A;96;9700;348;134.5225342425286;0.9945218953682733;18.65475810617763
A;97;9800;766;523.8202330804388;0.9925461516413221;-766
A;98;9900;379;384.5052006781808;0.9902680687415704;19.467922333931785
A;99;10000;961;100.86105869086393;0.9876883405951378;-961
A;100;10100;286;870.6484981936337;0.984807753012208;16.911534525287763
A;101;10200;634;88.23746131298826;0.981627183447664;-634
A;102;10300;467;207.57846620066755;0.9781476007338057;21.61018278497431
A;103;10400;574;567.5710311418676;0.9743700647852352;-574
A;104;10500;474;535.5482806871213;0.9702957262759965;21.77154105707724
A;105;10600;986;100.49870441411035;0.9659258262890683;-986
A;106;10700;788;551.7013129663416;0.9612616959383189;28.071337695236398
A;107;10800;337;467.2798610785471;0.9563047559630355;-337
A;108;10900;741;686.7246467539662;0.9510565162951536;27.2213151776324
A;109;11000;362;31.38582555617497;0.9455185755993168;-362
A;110;11100;500;257.3703538270293;0.9396926207859084;22.360679774997898
A;111;11200;565;987.155512018826;0.9335804264972017;-565
A;112;11300;378;187.17879921945112;0.9271838545667874;19.44222209522358
A;113;11400;460;701.0008977211234;0.9205048534524403;-460
A;114;11500;702;992.2360465555646;0.9135454576426009;26.49528259898354
A;115;11600;575;112.15335079548116;0.90630778703665;-575
A;116;11700;998;689.2977497402904;0.8987940462991669;31.591137997862628
A;117;11800;891;255.9111865571695;0.8910065241883679;-891
A;118;11900;553;509.2980861721538;0.8829475928589269;23.515952032609693
A;119;12000;884;349.23631243200293;0.8746197071393959;-884
A;120;12100;784;292.8875118103829;0.8660254037844387;28.0
A;121;12200;536;716.3544357749768;0.8571673007021123;-536
A;122;12300;536;256.56497793180466;0.8480480961564261;23.15167380558045
A;123;12400;682;953.0388017493073;0.8386705679454239;-682
A;124;12500;862;944.0067861101595;0.8290375725550417;29.359836511806396
A;125;12600;251;829.3524044614419;0.8191520442889917;-251
A;126;12700;686;887.1702353538075;0.8090169943749475;26.19160170741759
A;127;12800;497;328.3485258551844;0.7986355100472927;-497
A;128;12900;437;364.7086339272039;0.788010753606722;20.904544960366874
A;129;13000;606;113.9349519631937;0.777145961456971;-606
A;130;13100;383;537.0848448970039;0.766044443118978;19.570385790780925
A;131;13200;351;849.5746224200094;0.7547095802227721;-351
A;132;13300;850;984.2695977622759;0.7431448254773942;29.154759474226502
A;133;13400;701;66.92755877099022;0.7313537016191706;-701
A;134;13500;870;345.3835734798306;0.7193398003386511;29.49576240750525
A;135;13600;359;264.4051224252327;0.7071067811865476;-359
A;136;13700;702;213.205254894127;0.6946583704589971;26.49528259898354
A;137;13800;853;435.56348598056104;0.6819983600624986;-853
A;138;13900;753;697.4442353337932;0.6691306063588583;27.440845468024488
A;139;14000;446;322.39778940258446;0.6560590289905073;-446
A;140;14100;249;161.61124635217382;0.6427876096865395;15.7797338380595
A;141;14200;624;447.3038484795375;0.6293203910498374;-624
A;142;14300;689;685.6362503087698;0.6156614753256584;26.248809496813376
A;143;14400;983;531.1102055516797;0.6018150231520482;-983
A;144;14500;377;646.5380451744636;0.5877852522924732;19.4164878389476
A;145;14600;602;560.3872521218397;0.5735764363510459;-602
A;146;14700;211;692.6381007859512;0.5591929034707469;14.52583904633395
A;147;14800;219;249.1501219407436;0.5446390350150273;-219
A;148;14900;221;700.0622384203258;0.5299192642332049;14.866068747318506
A;149;15000;867;520.939705141117;0.5150380749100544;-867
A;150;15100;614;36.14539467307398;0.49999999999999994;24.779023386727733
A;151;15200;265;75.17071885163429;0.48480962024633717;-265
A;152;15300;659;903.5636650135373;0.4694715627858907;25.67099530598687
A;153;15400;812;701.4731588024949;0.45399049973954686;-812
A;154;15500;687;181.3274429911771;0.4383711467890773;26.210684844162312
A;155;15600;755;440.43593201700924;0.4226182617406995;-755
A;156;15700;553;759.708062029852;0.40673664307580043;23.515952032609693
A;157;15800;277;457.27020504706127;0.39073112848927377;-277
A;158;15900;377;876.9933017142805;0.37460659341591224;19.4164878389476
A;159;16000;658;580.6961565630727;0.3583679495453002;-658
A;160;16100;379;980.3491508433406;0.3420201433256689;19.467922333931785
A;161;16200;920;27.55272143634624;0.3255681544571566;-920
A;162;16300;910;842.7580051491855;0.3090169943749475;30.166206257996713
A;163;16400;920;133.02375310811465;0.2923717047227366;-920
A;164;16500;244;515.1930061633037;0.2756373558169992;15.620499351813308
A;165;16600;828;674.1648993279839;0.258819045102521;-828
A;166;16700;236;1.9302881625319346;0.24192189559966773;15.362291495737216
A;167;16800;453;541.7675205939231;0.2249510543438652;-453
A;168;16900;441;63.25379897542294;0.20791169081775931;21.0
A;169;17000;776;58.26117334548664;0.19080899537654497;-776
A;170;17100;493;267.75004181842496;0.17364817766693028;22.20360331117452
A;171;17200;251;283.6939683787586;0.15643446504023098;-251
A;172;17300;734;896.7206604572052;0.13917310096006533;27.09243436828813
A;173;17400;239;101.38609047120772;0.12186934340514755;-239
A;174;17500;326;247.12438252515756;0.10452846326765373;18.05547008526779
A;175;17600;230;283.92515754946265;0.0871557427476582;-230
A;176;17700;702;279.7882798998613;0.06975647374412552;26.49528259898354
A;177;17800;525;17.276922291640908;0.05233595624294381;-525
A;178;17900;650;657.7774206442378;0.03489949670250114;25.495097567963924
A;179;18000;859;901.4491489414808;0.01745240643728344;-859
A;180;18100;802;549.5743259635253;1.2246467991473532e-16;28.319604517012593
A;181;18200;968;546.2108144583067;-0.017452406437283637;-968
A;182;18300;596;34.31037679669768;-0.0348994967025009;24.413111231467404
A;183;18400;774;160.84316256234777;-0.052335956242943564;-774
A;184;18500;367;148.69885202895583;-0.06975647374412527;19.157244060668017
A;185;18600;550;285.59177546818324;-0.08715574274765794;-550
A;186;18700;402;791.5291705164956;-0.1045284632676535;20.049937655763422
A;187;18800;569;871.553172643374;-0.12186934340514731;-569
A;188;18900;500;551.6854372675051;-0.13917310096006552;22.360679774997898
A;189;19000;374;429.7970668502933;-0.15643446504023073;-374
A;190;19100;352;686.8614656237241;-0.17364817766693047;18.76166303929372
A;191;19200;961;496.4422842168601;-0.19080899537654472;-961
A;192;19300;860;245.64347414964027;-0.2079116908177595;29.32575659723036
A;193;19400;777;982.9657554408554;-0.22495105434386498;-777
A;194;19500;717;669.5266351541587;-0.2419218955996675;26.77685567799177
A;195;19600;630;919.3750200238993;-0.2588190451025208;-630
A;196;19700;386;345.6241355202576;-0.275637355816999;19.6468827043885
A;197;19800;869;252.6542153501329;-0.29237170472273677;-869
A;198;19900;368;281.3752194516188;-0.3090169943749473;19.183326093250876
A;199;20000;357;373.6857360231921;-0.32556815445715676;-357
A;200;20100;844;846.0243855587473;-0.34202014332566866;29.0516780926679
A;201;20200;862;338.0144975169863;-0.35836794954530043;-862
A;202;20300;429;157.6156210188915;-0.374606593415912;20.71231517720798
A;203;20400;293;413.08065199364563;-0.39073112848927355;-293
A;204;20500;398;455.5190777588085;-0.4067366430758002;19.949937343260004
A;205;20600;618;158.8502705317316;-0.4226182617406993;-618
A;206;20700;703;476.94003600669134;-0.43837114678907746;26.514147167125703
A;207;20800;261;342.5123723236437;-0.4539904997395467;-261
A;208;20900;955;554.2075532565273;-0.46947156278589086;30.903074280724887
A;209;21000;597;253.84624367094543;-0.48480962024633695;-597
A;210;21100;211;891.6948754943741;-0.5000000000000001;14.52583904633395
A;211;21200;893;722.5094667549803;-0.5150380749100542;-893
A;212;21300;569;705.0176734614624;-0.5299192642332048;23.853720883753127
A;213;21400;770;937.7402150548786;-0.5446390350150271;-770
A;214;21500;952;301.35905150632425;-0.5591929034707467;30.854497241083024
A;215;21600;308;871.9067122772021;-0.5735764363510462;-308
A;216;21700;255;753.2394019540798;-0.587785252292473;15.968719422671311
A;217;21800;423;810.6819275473352;-0.6018150231520484;-423
A;218;21900;600;983.6671345482793;-0.6156614753256582;24.49489742783178
A;219;22000;317;927.6002119158229;-0.6293203910498376;-317
A;220;22100;214;814.7527264098165;-0.6427876096865393;14.628738838327793
A;221;22200;434;845.2469527282582;-0.656059028990507;-434
A;222;22300;200;895.0265057224817;-0.6691306063588582;14.142135623730951
A;223;22400;862;257.28721588546387;-0.6819983600624984;-862
A;224;22500;749;843.7495807898039;-0.6946583704589974;27.367864366808018
A;225;22600;861;715.1358584925139;-0.7071067811865475;-861
A;226;22700;309;89.55144064651554;-0.7193398003386512;17.578395831246947
A;227;22800;865;569.3179341734007;-0.7313537016191705;-865
A;228;22900;901;33.30373605236725;-0.7431448254773944;30.01666203960727
A;229;23000;588;715.6855530269615;-0.754709580222772;-588
A;230;23100;822;237.2542356536369;-0.7660444431189779;28.6705423736629
A;231;23200;344;788.3257441247686;-0.7771459614569706;-344
A;232;23300;563;833.7605117233385;-0.7880107536067221;23.727621035409346
A;233;23400;363;383.2396523277418;-0.7986355100472928;-363
A;234;23500;889;29.31282542842817;-0.8090169943749473;29.816103031751148
A;235;23600;820;148.25783096600043;-0.8191520442889916;-820
A;236;23700;746;399.39377728294147;-0.8290375725550418;27.313000567495326
A;237;23800;802;299.3743285179716;-0.838670567945424;-802
A;238;23900;722;877.8053968051302;-0.848048096156426;26.870057685088806
A;239;24000;782;959.817338331042;-0.8571673007021121;-782
A;240;24100;577;623.2287909455194;-0.8660254037844384;24.020824298928627
A;241;24200;669;214.68892859233247;-0.874619707139396;-669
A;242;24300;442;414.99621869108825;-0.882947592858927;21.02379604162864
A;243;24400;939;433.1918810795244;-0.8910065241883678;-939
A;244;24500;781;609.7406918939831;-0.8987940462991668;27.94637722496424
A;245;24600;857;559.9360663332999;-0.90630778703665;-857
A;246;24700;541;244.30253122470836;-0.913545457642601;23.259406699226016
A;247;24800;617;31.062670704261276;-0.9205048534524403;-617
A;248;24900;709;673.2937929916283;-0.9271838545667873;26.627053911388696
A;249;25000;745;129.3062851786786;-0.9335804264972016;-745
A;250;25100;944;430.3901611840584;-0.9396926207859084;30.72458299147443
A;251;25200;814;573.8227259054562;-0.9455185755993168;-814
A;252;25300;630;636.6870742828022;-0.9510565162951535;25.099800796022265
A;253;25400;620;41.835504056425;-0.9563047559630353;-620
A;254;25500;599;600.4631623382642;-0.961261695938319;24.474476501040833
A;255;25600;743;323.7938142139009;-0.9659258262890683;-743
A;256;25700;312;509.4303125042113;-0.9702957262759965;17.663521732655695
A;257;25800;802;422.1864433141991;-0.9743700647852351;-802
A;258;25900;564;821.6853342743523;-0.9781476007338056;23.748684174075834
A;259;26000;289;655.8977590327188;-0.981627183447664;-289
A;260;26100;931;327.3444994689555;-0.984807753012208;30.512292604784715
A;261;26200;725;203.4150176072793;-0.9876883405951377;-725
A;262;26300;988;640.2831004232047;-0.9902680687415703;31.432467291003423
A;263;26400;454;780.9240583445395;-0.9925461516413221;-454
A;264;26500;582;404.6256362796209;-0.9945218953682734;24.124676163629637
A;265;26600;278;850.9853902682038;-0.9961946980917455;-278
A;266;26700;848;571.1240052942386;-0.9975640502598242;29.120439557122072
A;267;26800;414;577.6778368107667;-0.9986295347545738;-414
A;268;26900;264;279.76729230565155;-0.9993908270190958;16.24807680927192
A;269;27000;275;476.4320582062125;-0.9998476951563913;-275
A;270;27100;493;539.0867745813298;-1.0;22.20360331117452
A;271;27200;211;16.41567198393046;-0.9998476951563913;-211
A;272;27300;892;494.682422927165;-0.9993908270190958;29.866369046136157
A;273;27400;964;137.44146209246287;-0.9986295347545738;-964
A;274;27500;669;574.9097684446467;-0.9975640502598243;25.865034312755125
A;275;27600;409;269.65473040588006;-0.9961946980917455;-409
A;276;27700;406;491.3396295139908;-0.9945218953682734;20.149441679609886
A;277;27800;393;118.82319043883338;-0.992546151641322;-393
A;278;27900;852;382.81509021808114;-0.9902680687415704;29.189039038652847
A;279;28000;911;927.6013952153597;-0.9876883405951378;-911
A;280;28100;874;732.2743550976002;-0.9848077530122081;29.563490998188964
A;281;28200;498;191.97833201368076;-0.9816271834476639;-498
A;282;28300;627;776.3747276404505;-0.9781476007338056;25.03996805109783
A;283;28400;204;488.00396971554017;-0.9743700647852352;-204
A;284;28500;638;52.683726069631895;-0.9702957262759966;25.25866188063018
A;285;28600;851;797.685504876377;-0.9659258262890684;-851
A;286;28700;840;856.7968538964204;-0.9612616959383188;28.982753492378876
A;287;28800;969;875.0242819342418;-0.9563047559630354;-969
A;288;28900;326;476.2706898980045;-0.9510565162951536;18.05547008526779
A;289;29000;605;940.8964599848008;-0.945518575599317;-605
A;290;29100;749;264.7188030568558;-0.9396926207859083;27.367864366808018
A;291;29200;682;410.694245331385;-0.9335804264972017;-682
A;292;29300;738;276.771639628026;-0.9271838545667874;27.16615541441225
A;293;29400;375;246.2437452352404;-0.9205048534524405;-375
A;294;29500;628;715.1223850412239;-0.9135454576426011;25.059928172283335
A;295;29600;279;78.38969319953249;-0.9063077870366499;-279
A;296;29700;826;283.9490453170538;-0.898794046299167;28.74021572639983
A;297;29800;776;219.0088359812442;-0.891006524188368;-776
A;298;29900;755;637.4546917131473;-0.8829475928589271;27.477263328068172
A;299;30000;948;940.6246840432341;-0.8746197071393956;-948
A;300;30100;805;989.9363573358763;-0.8660254037844386;28.372521918222215
A;301;30200;629;389.1735293059344;-0.8571673007021123;-629
A;302;30300;858;817.6340159441855;-0.8480480961564262;29.29163703175362
A;303;30400;655;181.73218693304815;-0.8386705679454243;-655
A;304;30500;865;939.278460086538;-0.8290375725550416;29.410882339705484
A;305;30600;597;292.87961936812934;-0.8191520442889918;-597
A;306;30700;354;307.13592782285906;-0.8090169943749476;18.81488772222678
A;307;30800;428;216.75946820091696;-0.798635510047293;-428
A;308;30900;309;712.8188362547511;-0.7880107536067218;17.578395831246947
A;309;31000;638;842.0942231482388;-0.7771459614569708;-638
A;310;31100;297;204.66047191325254;-0.7660444431189781;17.233687939614086
A;311;31200;699;924.8393049651083;-0.7547095802227722;-699
A;312;31300;842;388.94207749470513;-0.7431448254773946;29.017236257093817
A;313;31400;203;966.4788774445785;-0.7313537016191703;-203
A;314;31500;744;114.08649280200433;-0.7193398003386512;27.27636339397171
A;315;31600;909;794.7244255765537;-0.7071067811865477;-909
A;316;31700;526;11.28217926019337;-0.6946583704589976;22.93468988235943
A;317;31800;762;411.5235496797315;-0.6819983600624983;-762
A;318;31900;598;669.6806840255947;-0.6691306063588581;24.454038521274967
A;319;32000;569;877.9702634682842;-0.6560590289905074;-569
A;320;32100;738;873.8636543982209;-0.6427876096865396;27.16615541441225
A;321;32200;445;121.61770174199582;-0.6293203910498378;-445
A;322;32300;290;162.68844258309244;-0.6156614753256582;17.029386365926403
A;323;32400;632;215.26320030439393;-0.6018150231520483;-632
A;324;32500;852;925.5177985698319;-0.5877852522924734;29.189039038652847
A;325;32600;743;703.8987701770008;-0.5735764363510465;-743
A;326;32700;896;122.56644997432021;-0.5591929034707466;29.93325909419153
A;327;32800;692;3.444463789885277;-0.544639035015027;-692
A;328;32900;214;362.0471508119761;-0.529919264233205;14.628738838327793
A;329;33000;329;663.8151778636211;-0.5150380749100545;-329
A;330;33100;280;461.3388517219913;-0.5000000000000004;16.73320053068151
A;331;33200;989;306.1455415931496;-0.4848096202463369;-989
A;332;33300;284;759.2169818216369;-0.4694715627858908;16.852299546352718
A;333;33400;343;991.4537567331133;-0.45399049973954697;-343
A;334;33500;511;529.7135432400246;-0.4383711467890778;22.60530911091463
A;335;33600;208;917.9117990716837;-0.4226182617406992;-208
A;336;33700;886;352.78659011345826;-0.40673664307580015;29.765752132274432
A;337;33800;393;925.6773588232694;-0.3907311284892739;-393
A;338;33900;661;946.3299627969449;-0.37460659341591235;25.709920264364882
A;339;34000;879;267.80684201428795;-0.35836794954530077;-879
A;340;34100;888;327.05372650776343;-0.3420201433256686;29.79932885150268
A;341;34200;336;463.7878251092834;-0.3255681544571567;-336
A;342;34300;415;3.4803189395363754;-0.3090169943749476;20.37154878746336
A;343;34400;200;916.5562789621534;-0.29237170472273716;-200
A;344;34500;846;865.577170721543;-0.27563735581699894;29.086079144497972
A;345;34600;472;164.0442913501854;-0.2588190451025207;-472
A;346;34700;269;647.6929771746687;-0.24192189559966787;16.401219466856727
A;347;34800;427;866.6928288775761;-0.22495105434386534;-427
A;348;34900;364;538.5142697427767;-0.20791169081775987;19.078784028338912
A;349;35000;362;633.1676413437224;-0.19080899537654467;-362
A;350;35100;200;605.3459742026848;-0.1736481776669304;14.142135623730951
A;351;35200;927;349.5554514246905;-0.15643446504023112;-927
A;352;35300;502;998.7143571069635;-0.13917310096006588;22.40535650240808
A;353;35400;226;190.75511784551858;-0.12186934340514723;-226
A;354;35500;611;907.0903068750936;-0.10452846326765342;24.71841418861655
A;355;35600;232;333.0906888215999;-0.08715574274765832;-232
A;356;35700;491;649.921975725027;-0.06975647374412564;22.15851980616034
A;357;35800;804;779.1714354746713;-0.05233595624294437;-804
A;358;35900;792;770.0263541842933;-0.034899496702500823;28.142494558940577
A;359;36000;559;377.832263886245;-0.01745240643728356;-559
A;360;36100;452;261.6671200669861;-2.4492935982947064e-16;21.2602916254693
A;361;36200;855;997.4031442832077;0.01745240643728307;-855
A;362;36300;578;506.1576173804041;0.03489949670250122;24.041630560342615
A;363;36400;685;205.9973643549673;0.05233595624294388;-685
A;364;36500;892;790.891465925553;0.06975647374412515;29.866369046136157
A;365;36600;906;849.1030950587007;0.08715574274765783;-906
A;366;36700;846;602.124195114126;0.10452846326765293;29.086079144497972
A;367;36800;291;924.7609145893255;0.12186934340514763;-291
A;368;36900;601;83.23989728609394;0.13917310096006538;24.515301344262525
A;369;37000;485;918.4760090589276;0.15643446504023062;-485
A;370;37100;615;185.01123862397196;0.17364817766692991;24.79919353527449
A;371;37200;912;266.9476571214291;0.19080899537654505;-912
A;372;37300;788;295.47762422562295;0.20791169081775937;28.071337695236398
A;373;37400;942;121.1124360223338;0.22495105434386484;-942
A;374;37500;870;573.8283884879208;0.24192189559966737;29.49576240750525
A;375;37600;412;629.1156753602294;0.25881904510252024;-412
A;376;37700;524;110.82247301788006;0.27563735581699933;22.891046284519195
A;377;37800;636;890.8764578030372;0.29237170472273666;-636
A;378;37900;512;166.5564436982483;0.3090169943749472;22.627416997969522
A;379;38000;909;186.75736077822557;0.32556815445715626;-909
A;380;38100;358;736.0808827310303;0.34202014332566893;18.920887928424502
A;381;38200;551;912.2363282280915;0.3583679495453003;-551
A;382;38300;654;490.45814292190437;0.3746065934159119;25.573423705088842
A;383;38400;490;623.4851536065049;0.39073112848927344;-490
A;384;38500;741;929.892233738554;0.4067366430758005;27.2213151776324
A;385;38600;476;398.42420273934874;0.42261826174069955;-476
A;386;38700;397;225.31782067409566;0.43837114678907735;19.924858845171276
A;387;38800;359;739.8118908787576;0.4539904997395466;-359
A;388;38900;837;568.3269265252771;0.46947156278589036;28.930952282978865
A;389;39000;874;579.1931128311451;0.4848096202463372;-874
A;390;39100;500;360.6856192655351;0.5;22.360679774997898
A;391;39200;933;811.4827700786769;0.515038074910054;-933
A;392;39300;254;214.0628888724816;0.5299192642332047;15.937377450509228
A;393;39400;766;698.4574396956148;0.5446390350150273;-766
A;394;39500;606;232.7583383517533;0.5591929034707469;24.61706725018234
A;395;39600;891;24.261067356001085;0.573576436351046;-891
A;396;39700;913;146.84545781600133;0.5877852522924729;30.215889859476256
A;397;39800;902;967.6065633279294;0.6018150231520479;-902
A;398;39900;218;866.439690749635;0.6156614753256584;14.7648230602334
A;399;40000;683;97.50534228602781;0.6293203910498375;-683
A;400;40100;937;187.49388846234848;0.6427876096865391;30.610455730027933
A;401;40200;728;268.67455268866837;0.656059028990507;-728
A;402;40300;992;536.4020772598808;0.6691306063588585;31.496031496047245
A;403;40400;745;468.67569035683033;0.6819983600624986;-745
A;404;40500;663;721.9691231655003;0.6946583704589973;25.748786379167466
A;405;40600;868;515.8624554999561;0.7071067811865474;-868
A;406;40700;830;139.8727710685298;0.7193398003386509;28.809720581775867
A;407;40800;481;91.29984331111073;0.7313537016191707;-481
A;408;40900;730;595.1387026819982;0.7431448254773942;27.018512172212592
A;409;41000;732;972.7095912614548;0.7547095802227719;-732
A;410;41100;237;137.3003987542717;0.7660444431189778;15.394804318340652
A;411;41200;644;549.6874102578086;0.7771459614569711;-644
A;412;41300;992;41.34380201163579;0.788010753606722;31.496031496047245
A;413;41400;392;860.5470163990226;0.7986355100472928;-392
A;414;41500;755;153.0744608969904;0.8090169943749472;27.477263328068172
A;415;41600;989;905.8474834901527;0.8191520442889915;-989
A;416;41700;813;20.744427272430755;0.8290375725550418;28.513154858766505
A;417;41800;753;55.42272364213563;0.838670567945424;-753
A;418;41900;886;969.2014740188288;0.8480480961564258;29.765752132274432
A;419;42000;740;568.7732862294899;0.8571673007021121;-740
A;420;42100;963;735.178161400957;0.8660254037844388;31.0322412983658
A;421;42200;753;578.5861993514573;0.8746197071393959;-753
A;422;42300;309;583.9615557705488;0.8829475928589269;17.578395831246947
A;423;42400;724;325.5578941977356;0.8910065241883677;-724
A;424;42500;406;377.93270842985083;0.8987940462991668;20.149441679609886
A;425;42600;478;837.7785657247294;0.90630778703665;-478
A;426;42700;814;608.0111404134386;0.9135454576426009;28.53068523537421
A;427;42800;987;828.8006849309705;0.9205048534524403;-987
A;428;42900;567;691.6817589712653;0.9271838545667872;23.811761799581316
A;429;43000;349;642.4111004056338;0.9335804264972019;-349
A;430;43100;357;182.1984947945905;0.9396926207859084;18.894443627691185
A;431;43200;310;426.48459733826337;0.9455185755993167;-310
A;432;43300;550;614.1923512190976;0.9510565162951535;23.45207879911715
A;433;43400;300;931.2772672431438;0.9563047559630353;-300
A;434;43500;592;431.43511467852414;0.9612616959383189;24.331050121192877
A;435;43600;754;536.4330337666484;0.9659258262890683;-754
A;436;43700;375;669.7865821739616;0.9702957262759965;19.364916731037084
A;437;43800;232;381.11445026688017;0.9743700647852351;-232
A;438;43900;275;318.95026735351405;0.9781476007338057;16.583123951777
A;439;44000;855;529.9321995155881;0.981627183447664;-855
A;440;44100;638;702.2502858076901;0.984807753012208;25.25866188063018
A;441;44200;291;643.1121553986283;0.9876883405951377;-291
A;442;44300;776;275.0033696498292;0.9902680687415703;27.85677655436824
A;443;44400;865;90.1017349824359;0.9925461516413221;-865
A;444;44500;644;398.32640921348997;0.9945218953682733;25.37715508089904
A;445;44600;973;987.0801649960036;0.9961946980917455;-973
A;446;44700;269;392.5537974310997;0.9975640502598242;16.401219466856727
A;447;44800;245;348.7480781622643;0.9986295347545739;-245
A;448;44900;420;215.52023609409397;0.9993908270190958;20.493901531919196
A;449;45000;257;542.6792651550941;0.9998476951563913;-257
A;450;45100;414;796.4976278329423;1.0;20.346989949375804
A;451;45200;988;775.6716727528326;0.9998476951563913;-988
A;452;45300;422;708.0018040300479;0.9993908270190958;20.54263858417414
A;453;45400;501;228.0360264753507;0.9986295347545738;-501
A;454;45500;232;682.05011622963;0.9975640502598243;15.231546211727817
A;455;45600;795;216.66527570262818;0.9961946980917455;-795
A;456;45700;233;484.44685467961904;0.9945218953682733;15.264337522473747
A;457;45800;642;376.989994166136;0.992546151641322;-642
A;458;45900;867;674.2864135778681;0.9902680687415704;29.444863728670914
A;459;46000;554;185.73717217483764;0.9876883405951377;-554
A;460;46100;217;345.0366212862762;0.9848077530122081;14.730919862656235
A;461;46200;493;285.92886593202593;0.9816271834476639;-493
A;462;46300;699;816.0833688450286;0.9781476007338058;26.43860813280457
A;463;46400;385;629.3061333046734;0.9743700647852352;-385
A;464;46500;447;304.17795853147334;0.9702957262759964;21.142374511865974
A;465;46600;624;126.40363562595869;0.9659258262890684;-624
A;466;46700;786;332.78317168189153;0.9612616959383189;28.035691537752374
A;467;46800;755;441.1189946277544;0.9563047559630358;-755
A;468;46900;905;552.4949639817659;0.9510565162951536;30.083217912982647
A;469;47000;763;291.96326335258607;0.9455185755993167;-763
A;470;47100;429;194.66775520034352;0.9396926207859086;20.71231517720798
A;471;47200;208;489.7642930458138;0.9335804264972017;-208
A;472;47300;610;982.0425618671813;0.9271838545667872;24.698178070456937
A;473;47400;570;978.7556356912627;0.9205048534524405;-570
A;474;47500;380;996.3851208237112;0.9135454576426008;19.493588689617926
A;475;47600;777;9.199972633173292;0.9063077870366503;-777
A;476;47700;851;881.154849062918;0.898794046299167;29.171904291629644
A;477;47800;614;349.7531971800787;0.8910065241883676;-614
A;478;47900;922;376.1498525765815;0.8829475928589272;30.364452901377952
A;479;48000;212;816.0293947220539;0.8746197071393957;-212
A;480;48100;463;418.1942549497663;0.8660254037844392;21.517434791350013
A;481;48200;900;821.4739270918933;0.8571673007021124;-900
A;482;48300;236;75.3254395300026;0.8480480961564257;15.362291495737216
A;483;48400;973;306.2320639986096;0.8386705679454244;-973
A;484;48500;964;627.5951280691489;0.8290375725550416;31.04834939252005
A;485;48600;936;189.5684080982475;0.8191520442889924;-936
A;486;48700;304;213.34424863259005;0.8090169943749477;17.435595774162696
A;487;48800;488;78.047438985;0.7986355100472926;-488
A;488;48900;585;41.12257925360985;0.7880107536067225;24.186773244895647
A;489;49000;237;42.74538558047358;0.7771459614569709;-237
A;490;49100;609;146.2352502437153;0.7660444431189776;24.677925358506133
A;491;49200;965;228.95401160695616;0.7547095802227722;-965
A;492;49300;399;79.13252835435091;0.743144825477394;19.974984355438178
A;493;49400;284;833.757649851052;0.731353701619171;-284
A;494;49500;723;204.5702480509106;0.7193398003386512;26.888659319497503
A;495;49600;603;445.3682922326512;0.7071067811865471;-603
A;496;49700;963;55.159258403926884;0.6946583704589977;31.0322412983658
A;497;49800;869;187.38807418153903;0.6819983600624984;-869
A;498;49900;804;144.54644211445512;0.6691306063588589;28.35489375751565
A;499;50000;268;684.935386881626;0.6560590289905075;-268
A;500;50100;707;488.39196139927475;0.642787609686539;26.589471600616662
A;501;50200;888;614.9563786909471;0.629320391049838;-888
A;502;50300;310;487.4442525244074;0.6156614753256583;17.60681686165901
A;503;50400;776;553.578287288462;0.6018150231520492;-776
A;504;50500;247;369.15612724704937;0.5877852522924734;15.716233645501712
A;505;50600;828;662.2187819960719;0.5735764363510458;-828
A;506;50700;353;779.4976839665976;0.5591929034707475;18.788294228055936
A;507;50800;245;876.2523600529022;0.5446390350150271;-245
A;508;50900;667;28.447560907887805;0.5299192642332045;25.826343140289914
A;509;51000;237;618.0989473825857;0.5150380749100546;-237
A;510;51100;346;177.58510511274883;0.4999999999999998;18.601075237738275
A;511;51200;951;858.9484123238839;0.4848096202463378;-951
A;512;51300;491;679.8364221369279;0.4694715627858909;22.15851980616034
A;513;51400;452;126.5097450576197;0.4539904997395463;-452
A;514;51500;505;12.585517308455586;0.4383711467890779;22.47220505424423
A;515;51600;786;601.880852262763;0.42261826174069933;-786
A;516;51700;872;460.5611678828562;0.4067366430758011;29.5296461204668
A;517;51800;514;295.6741343419529;0.390731128489274;-514
A;518;51900;275;622.1993712794708;0.3746065934159116;16.583123951777
A;519;52000;296;2.237406875996273;0.3583679495453009;-296
A;520;52100;481;88.13638454519179;0.3420201433256687;21.93171219946131
A;521;52200;875;7.3983048057281176;0.325568154457156;-875
A;522;52300;387;554.8094378935215;0.3090169943749478;19.672315572906
A;523;52400;469;13.094501409816495;0.2923717047227364;-469
A;524;52500;949;557.5348101024915;0.2756373558169999;30.805843601498726
A;525;52600;249;771.0048859824166;0.2588190451025208;-249
A;526;52700;870;792.4616999417334;0.24192189559966712;29.49576240750525
A;527;52800;991;194.95170968706688;0.22495105434386545;-991
A;528;52900;731;673.7050699812777;0.20791169081775912;27.03701166919155
A;529;53000;810;7.3640294238063175;0.19080899537654564;-810
A;530;53100;387;930.170130259767;0.1736481776669305;19.672315572906
A;531;53200;431;818.4209025808345;0.15643446504023034;-431
A;532;53300;633;445.33925031264056;0.139173100960066;25.15949125081825
A;533;53400;737;540.6268242600271;0.12186934340514735;-737
A;534;53500;431;571.0604235734188;0.10452846326765443;20.760539492026695
A;535;53600;894;107.4326001663114;0.08715574274765844;-894
A;536;53700;214;612.0574590183679;0.06975647374412487;14.628738838327793
A;537;53800;531;896.3798635905947;0.052335956242944494;-531
A;538;53900;420;407.9435614400353;0.03489949670250094;20.493901531919196
A;539;54000;284;943.9754317780793;0.017452406437282793;-284
A;540;54100;508;653.4325768145355;3.6739403974420594e-16;22.538855339169288
A;541;54200;355;409.2466705054385;-0.017452406437283834;-355
A;542;54300;790;459.60883826558916;-0.034899496702500206;28.106938645110393
A;543;54400;391;804.1654461692626;-0.05233595624294376;-391
A;544;54500;438;296.68022828118615;-0.06975647374412591;20.92844953645635
A;545;54600;906;208.85527238826583;-0.08715574274765771;-906
A;546;54700;569;329.17887818572865;-0.10452846326765369;23.853720883753127
A;547;54800;498;499.56887617505254;-0.12186934340514662;-498
A;548;54900;892;488.4165637363523;-0.13917310096006527;29.866369046136157
A;549;55000;799;631.286026286646;-0.15643446504023137;-799
A;550;55100;756;648.3121749861372;-0.17364817766692978;27.49545416973504
A;551;55200;897;764.9685589204234;-0.19080899537654492;-897
A;552;55300;902;327.79459296022316;-0.2079116908177584;30.033314835362415
A;553;55400;647;718.1094046078855;-0.22495105434386473;-647
A;554;55500;728;500.7854531190064;-0.24192189559966812;26.981475126464083
A;555;55600;946;263.5650458587285;-0.25881904510252013;-946
A;556;55700;950;633.5270764070391;-0.2756373558169992;30.822070014844883
A;557;55800;803;63.74711979490799;-0.2923717047227374;-803
A;558;55900;891;821.6816170745453;-0.30901699437494706;29.8496231131986
A;559;56000;355;522.7977581909843;-0.325568154457157;-355
A;560;56100;475;190.78249969367522;-0.342020143325668;21.79449471770337
A;561;56200;869;262.8977881121779;-0.3583679495453002;-869
A;562;56300;646;512.2729033895333;-0.37460659341591257;25.41653005427767
A;563;56400;374;583.2077266844624;-0.3907311284892733;-374
A;564;56500;866;585.4024041916917;-0.4067366430758004;29.427877939124322
A;565;56600;668;486.3616157171299;-0.42261826174069866;-668
A;566;56700;526;828.3344428624289;-0.43837114678907724;22.93468988235943
A;567;56800;416;574.7473623569191;-0.45399049973954725;-416
A;568;56900;787;17.747634093744026;-0.46947156278589025;28.053520278211074
A;569;57000;826;657.311544634352;-0.4848096202463371;-826
A;570;57100;640;3.688556603943405;-0.49999999999999917;25.298221281347036
A;571;57200;327;515.9017294572366;-0.5150380749100539;-327
A;572;57300;977;478.22649936640846;-0.5299192642332053;31.25699921617557
A;573;57400;892;773.4532447887427;-0.5446390350150265;-892
A;574;57500;775;933.9997719328667;-0.5591929034707468;27.83882181415011
A;575;57600;468;7.098724662362166;-0.5735764363510467;-468
A;576;57700;969;647.2562999140276;-0.5877852522924728;31.12876483254676
A;577;57800;740;497.4460939895304;-0.6018150231520485;-740
A;578;57900;547;905.7469877908998;-0.6156614753256576;23.388031127053
A;579;58000;596;117.76044969129251;-0.6293203910498374;-596
A;580;58100;782;31.409002273077967;-0.6427876096865398;27.964262908219126
A;581;58200;490;286.6889372036784;-0.6560590289905069;-490
A;582;58300;856;679.8109062219296;-0.6691306063588583;29.257477676655586
A;583;58400;601;707.2113441412776;-0.6819983600624978;-601
A;584;58500;340;202.5083241212362;-0.6946583704589971;18.439088914585774
A;585;58600;708;179.50517210725448;-0.7071067811865479;-708
A;586;58700;612;972.3563437910523;-0.7193398003386507;24.73863375370596
A;587;58800;413;345.2641048329278;-0.7313537016191706;-413
A;588;58900;695;756.6016216311397;-0.7431448254773936;26.362852652928137
A;589;59000;588;224.96077053315634;-0.7547095802227718;-588
A;590;59100;643;732.9260255486722;-0.7660444431189782;25.357444666211933
A;591;59200;682;374.9409206442966;-0.7771459614569705;-682
A;592;59300;237;552.6004045365138;-0.7880107536067219;15.394804318340652
A;593;59400;847;193.29835636545056;-0.7986355100472933;-847
A;594;59500;435;537.9580524728381;-0.8090169943749472;20.85665361461421
A;595;59600;242;160.9772132889391;-0.8191520442889919;-242
A;596;59700;870;46.1309661286341;-0.8290375725550413;29.49576240750525
A;597;59800;391;339.6573934807985;-0.8386705679454239;-391
A;598;59900;740;225.96046775691013;-0.8480480961564263;27.202941017470888
A;599;60000;339;177.14095758152416;-0.857167300702112;-339
A;600;60100;439;297.16345185230455;-0.8660254037844387;20.952326839756964
A;601;60200;458;692.1798085949955;-0.8746197071393954;-458
A;602;60300;596;794.3311591517704;-0.8829475928589269;24.413111231467404
A;603;60400;317;431.2537644993751;-0.8910065241883681;-317
A;604;60500;954;940.3687177656277;-0.8987940462991667;30.886890422961002
A;605;60600;550;818.1338388974534;-0.90630778703665;-550
A;606;60700;803;197.57261272973903;-0.9135454576426005;28.337254630609507
A;607;60800;906;373.8251751136477;-0.9205048534524402;-906
A;608;60900;421;358.5070070992639;-0.9271838545667875;20.518284528683193
A;609;61000;410;385.5951878580627;-0.9335804264972015;-410
A;610;61100;659;945.6676679888427;-0.9396926207859084;25.67099530598687
A;611;61200;502;395.2151019828267;-0.9455185755993171;-502
A;612;61300;998;191.86959959912042;-0.9510565162951534;31.591137997862628
A;613;61400;668;805.58736606602;-0.9563047559630355;-668
A;614;61500;767;960.9452456450197;-0.9612616959383187;27.694764848252458
A;615;61600;783;925.7224303567926;-0.9659258262890682;-783
A;616;61700;546;451.3018583735362;-0.9702957262759966;23.366642891095847
A;617;61800;877;750.2986104676754;-0.9743700647852351;-877
A;618;61900;746;570.6439507005917;-0.9781476007338057;27.313000567495326
A;619;62000;998;120.90264427050256;-0.9816271834476638;-998
A;620;62100;701;640.6941149491029;-0.984807753012208;26.476404589747453
A;621;62200;745;171.07550518864412;-0.9876883405951378;-745
A;622;62300;380;322.7395278117191;-0.9902680687415703;19.493588689617926
A;623;62400;973;602.1738178993592;-0.9925461516413221;-973
A;624;62500;484;5.545225974448176;-0.9945218953682732;22.0
A;625;62600;614;92.96334951354434;-0.9961946980917455;-614
A;626;62700;500;409.1314734875512;-0.9975640502598243;22.360679774997898
A;627;62800;513;142.50854394264744;-0.9986295347545738;-513
A;628;62900;411;407.4504727208037;-0.9993908270190958;20.273134932713294
A;629;63000;856;19.049965115592315;-0.9998476951563913;-856
A;630;63100;490;232.0624072461689;-1.0;22.135943621178654
A;631;63200;262;797.3229236953929;-0.9998476951563913;-262
A;632;63300;603;379.97411495248167;-0.9993908270190958;24.55605831561735
A;633;63400;713;783.5709779140662;-0.9986295347545738;-713
A;634;63500;271;368.26149099139093;-0.9975640502598242;16.46207763315433
A;635;63600;541;972.0896945451965;-0.9961946980917455;-541
A;636;63700;568;381.3886056639132;-0.9945218953682733;23.83275057562597
A;637;63800;963;213.09623127970323;-0.9925461516413221;-963
A;638;63900;655;829.3360477978057;-0.9902680687415704;25.592967784139454
A;639;64000;389;262.39177188863647;-0.9876883405951377;-389
A;640;64100;932;23.332202013082725;-0.9848077530122081;30.528675044947494
A;641;64200;795;371.0730393860292;-0.981627183447664;-795
A;642;64300;786;23.0347398748747;-0.9781476007338058;28.035691537752374
A;643;64400;428;848.4841531980401;-0.9743700647852354;-428
A;644;64500;540;107.71201622614512;-0.9702957262759964;23.2379000772445
A;645;64600;462;671.9953752131125;-0.9659258262890684;-462
A;646;64700;716;108.96181425906215;-0.9612616959383189;26.758176320519304
A;647;64800;802;907.8526502906512;-0.9563047559630353;-802
A;648;64900;240;937.0971631364898;-0.9510565162951538;15.491933384829668
A;649;65000;943;684.5581375042692;-0.9455185755993167;-943
A;650;65100;365;769.2060669417788;-0.9396926207859086;19.1049731745428
A;651;65200;869;61.43493502571662;-0.9335804264972019;-869
A;652;65300;948;843.2659179959566;-0.9271838545667872;30.789608636681304
A;653;65400;425;106.67549523554432;-0.9205048534524405;-425
A;654;65500;832;890.0716850345832;-0.9135454576426009;28.844410203711913
A;655;65600;258;767.6598634896372;-0.9063077870366504;-258
A;656;65700;229;288.4621138961748;-0.8987940462991671;15.132745950421556
A;657;65800;771;816.4987135294301;-0.8910065241883677;-771
A;658;65900;231;280.6763439368285;-0.8829475928589272;15.198684153570664
A;659;66000;956;74.56415031284381;-0.8746197071393957;-956
A;660;66100;971;951.0398433386982;-0.8660254037844392;31.160872901765767
A;661;66200;948;246.37177252901589;-0.8571673007021124;-948
A;662;66300;747;640.008422951424;-0.8480480961564258;27.331300737432898
A;663;66400;610;861.5194096714605;-0.8386705679454244;-610
A;664;66500;973;436.7277213921742;-0.8290375725550417;31.192947920964443
A;665;66600;384;550.2463826065439;-0.8191520442889915;-384
A;666;66700;970;702.0655453645609;-0.8090169943749477;31.144823004794873
A;667;66800;974;839.4610770695176;-0.7986355100472927;-974
A;668;66900;727;811.8933146407533;-0.7880107536067225;26.962937525425527
A;669;67000;842;824.3955624934996;-0.777145961456971;-842
A;670;67100;878;710.952239535749;-0.7660444431189777;29.631064780058107
A;671;67200;567;536.1507090288712;-0.7547095802227723;-567
A;672;67300;686;334.3324323509536;-0.7431448254773941;26.19160170741759
A;673;67400;364;173.32503084167894;-0.7313537016191711;-364
A;674;67500;368;807.2927627948028;-0.7193398003386513;19.183326093250876
A;675;67600;752;184.87477245868;-0.7071067811865472;-752
A;676;67700;214;394.8750329372469;-0.6946583704589978;14.628738838327793
A;677;67800;873;16.853689548167683;-0.6819983600624985;-873
A;678;67900;869;729.9095269857262;-0.669130606358859;29.478805945967352
A;679;68000;305;306.58497873582724;-0.6560590289905076;-305
A;680;68100;387;438.9104980599783;-0.642787609686539;19.672315572906
A;681;68200;805;43.13872731720125;-0.6293203910498381;-805
A;682;68300;580;6.568809358413197;-0.6156614753256583;24.08318915758459
A;683;68400;767;181.5126551543792;-0.6018150231520478;-767
A;684;68500;512;518.8948235065776;-0.5877852522924735;22.627416997969522
A;685;68600;398;318.0917057265532;-0.5735764363510459;-398
A;686;68700;711;742.260304736286;-0.5591929034707476;26.664583251946766
A;687;68800;896;669.4271388532632;-0.5446390350150272;-896
A;688;68900;389;176.9875707823666;-0.5299192642332046;19.72308292331602
A;689;69000;665;797.8587262349366;-0.5150380749100547;-665
A;690;69100;788;154.63944741132042;-0.4999999999999999;28.071337695236398
A;691;69200;503;626.4006435313313;-0.4848096202463379;-503
A;692;69300;389;446.4967641606684;-0.46947156278589103;19.72308292331602
A;693;69400;596;596.9375484245544;-0.4539904997395464;-596
A;694;69500;842;564.3322451354926;-0.438371146789078;29.017236257093817
A;695;69600;342;767.0419882437258;-0.42261826174069944;-342
A;696;69700;840;240.94587938788493;-0.4067366430758012;28.982753492378876
A;697;69800;989;563.4821273805765;-0.3907311284892741;-989
A;698;69900;751;796.6208331999367;-0.37460659341591174;27.40437921208944
A;699;70000;592;125.96792068367391;-0.358367949545301;-592
A;700;70100;877;988.9482644809668;-0.3420201433256688;29.614185789921695
A;701;70200;805;358.41212426381077;-0.3255681544571561;-805
A;702;70300;862;178.5269669433509;-0.3090169943749479;29.359836511806396
A;703;70400;856;880.3729715209942;-0.29237170472273655;-856
A;704;70500;936;695.3536250811067;-0.27563735581700005;30.59411708155671
A;705;70600;897;802.3034996502084;-0.25881904510252096;-897
A;706;70700;323;576.2913607579195;-0.24192189559966723;17.97220075561143
A;707;70800;442;704.7595286036985;-0.22495105434386556;-442
A;708;70900;461;413.84732346161366;-0.20791169081775923;21.470910553583888
A;709;71000;728;285.55065102128975;-0.19080899537654578;-728
A;710;71100;988;922.8790260835002;-0.17364817766693064;31.432467291003423
A;711;71200;487;164.874111879843;-0.15643446504023048;-487
A;712;71300;976;340.20975222027994;-0.13917310096006613;31.240998703626616
A;713;71400;603;885.5174934613378;-0.12186934340514748;-603
A;714;71500;472;862.1814762787947;-0.10452846326765454;21.72556098240043
A;715;71600;473;531.0892511331558;-0.08715574274765855;-473
A;716;71700;788;596.5236262893399;-0.069756473744125;28.071337695236398
A;717;71800;732;163.36532096612999;-0.05233595624294462;-732
A;718;71900;678;468.6825981263508;-0.034899496702501066;26.038433132583073
A;719;72000;666;420.90997695490717;-0.017452406437282915;-666
A;720;72100;845;547.9754390252456;-4.898587196589413e-16;29.068883707497267
A;721;72200;668;12.37889122121194;0.017452406437283713;-668
A;722;72300;561;208.0063019172532;0.03489949670250009;23.68543856465402
A;723;72400;921;479.8422496257029;0.05233595624294364;-921
A;724;72500;460;232.88653648197933;0.06975647374412579;21.447610589527216
A;725;72600;425;669.8967897210068;0.08715574274765758;-425
A;726;72700;815;692.3907546412885;0.10452846326765357;28.548204847240395
A;727;72800;351;366.8580480484901;0.1218693434051465;-351
A;728;72900;877;335.0758400906415;0.13917310096006516;29.614185789921695
A;729;73000;471;945.2642220851428;0.15643446504023126;-471
A;730;73100;982;83.49212256273708;0.17364817766692967;31.336879231984796
A;731;73200;526;980.2660401080575;0.1908089953765448;-526
A;732;73300;677;867.3423718142498;0.20791169081775826;26.019223662515376
A;733;73400;627;387.30554829343987;0.22495105434386461;-627
A;734;73500;205;724.0484168733749;0.241921895599668;14.317821063276353
A;735;73600;797;65.21203078649118;0.25881904510252;-797
A;736;73700;375;290.8165742366219;0.2756373558169991;19.364916731037084
A;737;73800;280;565.6175327753326;0.29237170472273727;-280
A;738;73900;432;874.8370851475446;0.30901699437494695;20.784609690826528
A;739;74000;243;219.52385479641967;0.32556815445715687;-243
A;740;74100;505;812.9174115773782;0.3420201433256679;22.47220505424423
A;741;74200;367;219.84292376020852;0.3583679495453001;-367
A;742;74300;928;437.21280548256414;0.37460659341591246;30.463092423455635
A;743;74400;918;895.1189144778393;0.3907311284892732;-918
A;744;74500;560;29.313545019380882;0.40673664307580026;23.664319132398465
A;745;74600;917;959.1464940523879;0.42261826174069855;-917
A;746;74700;301;858.8435005531016;0.4383711467890771;17.349351572897472
A;747;74800;462;704.618018677298;0.45399049973954714;-462
A;748;74900;938;863.9184667666741;0.46947156278589014;30.62678566222711
A;749;75000;968;506.1986300283808;0.484809620246337;-968
A;750;75100;825;516.0112173117502;0.49999999999999906;28.722813232690143
A;751;75200;745;171.4554974435287;0.5150380749100538;-745
A;752;75300;228;863.7927412887653;0.5299192642332052;15.0996688705415
A;753;75400;784;13.019733029157043;0.5446390350150264;-784
A;754;75500;420;118.4671173403442;0.5591929034707467;20.493901531919196
A;755;75600;784;889.0712456983758;0.5735764363510466;-784
A;756;75700;725;953.0397547665814;0.5877852522924727;26.92582403567252
A;757;75800;589;942.9782772808684;0.6018150231520484;-589
A;758;75900;888;266.76065220918974;0.6156614753256575;29.79932885150268
A;759;76000;442;21.05807869483911;0.6293203910498373;-442
A;760;76100;657;926.7770691119995;0.6427876096865397;25.632011235952593
A;761;76200;531;707.2664075841856;0.6560590289905068;-531
A;762;76300;282;276.9505480666301;0.6691306063588582;16.792855623746664
A;763;76400;532;51.67144783343092;0.6819983600624978;-532
A;764;76500;504;110.31934808751076;0.694658370458997;22.44994432064365
A;765;76600;748;91.86656082947908;0.7071067811865478;-748
A;766;76700;318;325.14958748531365;0.7193398003386506;17.832554500127006
A;767;76800;423;77.96831276911531;0.7313537016191705;-423
A;768;76900;944;909.8400622965742;0.7431448254773947;30.72458299147443
A;769;77000;898;614.9513816711998;0.7547095802227717;-898
A;770;77100;321;761.9173565699497;0.7660444431189782;17.916472867168917
A;771;77200;746;517.5768666427472;0.7771459614569703;-746
A;772;77300;770;153.34693768591222;0.7880107536067219;27.748873851023216
A;773;77400;332;488.76283153897793;0.7986355100472932;-332
A;774;77500;304;720.6054920781772;0.8090169943749471;17.435595774162696
A;775;77600;414;627.0037609156898;0.8191520442889919;-414
A;776;77700;286;520.6349698475267;0.8290375725550412;16.911534525287763
A;777;77800;235;152.8747064999565;0.8386705679454239;-235
A;778;77900;539;40.223598849398854;0.8480480961564262;23.2163735324878
A;779;78000;688;762.5791288825831;0.857167300702112;-688
A;780;78100;619;577.2224439843877;0.8660254037844387;24.879710609249457
A;781;78200;933;193.10258256777368;0.8746197071393953;-933
A;782;78300;622;327.6774283393482;0.8829475928589268;24.939927826679853
A;783;78400;762;745.4255484169606;0.891006524188368;-762
A;784;78500;250;650.3256719529215;0.8987940462991667;15.811388300841896
A;785;78600;694;316.6083002906631;0.9063077870366499;-694
A;786;78700;214;646.9098274663847;0.9135454576426012;14.628738838327793
A;787;78800;691;498.0768484920525;0.9205048534524402;-691
A;788;78900;249;569.5596740716403;0.9271838545667875;15.7797338380595
A;789;79000;569;263.26013137925395;0.9335804264972014;-569
A;790;79100;374;58.443418669391065;0.9396926207859083;19.339079605813716
A;791;79200;418;640.2083519551159;0.945518575599317;-418
A;792;79300;857;83.58101004257357;0.9510565162951534;29.274562336608895
A;793;79400;612;438.92425816659807;0.9563047559630355;-612
A;794;79500;235;461.35024130503257;0.9612616959383186;15.329709716755891
A;795;79600;427;520.6509677946466;0.9659258262890682;-427
A;796;79700;906;183.32183716186256;0.9702957262759966;30.099833886584822
A;797;79800;526;852.8500462113645;0.9743700647852351;-526
A;798;79900;325;853.1383217151916;0.9781476007338057;18.027756377319946
A;799;80000;291;502.28455503024026;0.9816271834476638;-291
A;800;80100;277;65.64070469932426;0.984807753012208;16.64331697709324
A;801;80200;736;616.569440586135;0.9876883405951378;-736
A;802;80300;447;843.6541775305341;0.9902680687415703;21.142374511865974
A;803;80400;289;611.4575909678981;0.992546151641322;-289
A;804;80500;380;926.8029325144352;0.9945218953682734;19.493588689617926
A;805;80600;509;452.8188556354103;0.9961946980917455;-509
A;806;80700;500;256.21503055793494;0.9975640502598243;22.360679774997898
A;807;80800;607;477.6899758280381;0.9986295347545738;-607
A;808;80900;555;45.76774376276971;0.9993908270190958;23.558437978779494
A;809;81000;774;16.15164362705379;0.9998476951563913;-774
A;810;81100;358;522.7080359427205;1.0;18.920887928424502
A;811;81200;866;835.7564551577126;0.9998476951563913;-866
A;812;81300;406;403.177879066653;0.9993908270190958;20.149441679609886
A;813;81400;278;242.16410393301723;0.9986295347545738;-278
A;814;81500;355;637.2531922135338;0.9975640502598242;18.841443681416774
A;815;81600;391;653.3347306668135;0.9961946980917455;-391
A;816;81700;560;879.2009076185642;0.9945218953682733;23.664319132398465
A;817;81800;870;715.7282879966037;0.9925461516413222;-870
A;818;81900;259;626.444170066262;0.9902680687415704;16.09347693943108
A;819;82000;870;921.387761540015;0.9876883405951377;-870
A;820;82100;539;659.2014291856269;0.9848077530122082;23.2163735324878
A;821;82200;976;59.50460032869132;0.981627183447664;-976
A;822;82300;445;51.373698806804754;0.9781476007338055;21.095023109728988
A;823;82400;419;97.61822421754962;0.9743700647852354;-419
A;824;82500;946;106.0641821217807;0.9702957262759964;30.757112998459398
A;825;82600;207;142.20191267132876;0.9659258262890685;-207
A;826;82700;508;416.1723783103956;0.9612616959383189;22.538855339169288
A;827;82800;823;936.8973140296563;0.9563047559630353;-823
A;828;82900;529;343.948060204612;0.9510565162951538;23.0
A;829;83000;849;770.3382201951143;0.9455185755993167;-849
A;830;83100;767;829.71850058798;0.9396926207859088;27.694764848252458
A;831;83200;439;171.91671181821033;0.9335804264972019;-439
A;832;83300;811;880.513173995905;0.9271838545667872;28.478061731796284
A;833;83400;457;446.3596112469309;0.9205048534524406;-457
A;834;83500;791;266.8406129916043;0.9135454576426009;28.124722220850465
A;835;83600;575;545.7871530139172;0.9063077870366504;-575
A;836;83700;718;183.91684698941134;0.8987940462991671;26.795522013948524
A;837;83800;602;498.5905872646833;0.8910065241883677;-602
A;838;83900;747;405.3254581929543;0.8829475928589273;27.331300737432898
A;839;84000;732;641.5854021660693;0.8746197071393959;-732
A;840;84100;436;376.3924838008482;0.8660254037844384;20.8806130178211
A;841;84200;889;432.5582867685418;0.8571673007021126;-889
A;842;84300;319;686.2272760736982;0.8480480961564258;17.86057109949175
A;843;84400;969;884.0261298032658;0.8386705679454245;-969
A;844;84500;617;712.7357116511143;0.8290375725550418;24.839484696748443
A;845;84600;234;516.1195660176409;0.8191520442889915;-234
A;846;84700;701;948.144737201295;0.8090169943749478;26.476404589747453
A;847;84800;688;744.1628917459466;0.7986355100472928;-688
A;848;84900;826;499.8041715070932;0.7880107536067226;28.74021572639983
A;849;85000;520;496.2545100303043;0.777145961456971;-520
A;850;85100;802;825.6342496132903;0.7660444431189778;28.319604517012593
A;851;85200;303;295.412876700655;0.7547095802227725;-303
A;852;85300;877;387.9340817396825;0.7431448254773942;29.614185789921695
A;853;85400;418;800.0998916289998;0.7313537016191712;-418
A;854;85500;434;773.1710271777913;0.7193398003386514;20.83266665599966
A;855;85600;553;385.2254356341958;0.7071067811865474;-553
A;856;85700;640;860.9233736357211;0.6946583704589978;25.298221281347036
A;857;85800;279;768.4687996707423;0.6819983600624986;-279
A;858;85900;289;105.79461601412487;0.6691306063588578;17.0
A;859;86000;428;902.0663991474381;0.6560590289905076;-428
A;860;86100;218;214.59214498157263;0.6427876096865391;14.7648230602334
A;861;86200;418;558.3606738834454;0.6293203910498382;-418
A;862;86300;403;179.67617017477068;0.6156614753256584;20.074859899884732
A;863;86400;650;287.26781211123983;0.6018150231520479;-650
A;864;86500;547;664.6797123135105;0.5877852522924736;23.388031127053
A;865;86600;938;550.2113729676779;0.573576436351046;-938
A;866;86700;389;784.6303710902386;0.5591929034707477;19.72308292331602
A;867;86800;942;476.2398206430009;0.5446390350150273;-942
A;868;86900;720;886.6104127621473;0.5299192642332046;26.832815729997478
A;869;87000;597;10.795231165123598;0.5150380749100548;-597
A;870;87100;379;974.5261676634627;0.5;19.467922333931785
A;871;87200;502;898.9613787995058;0.484809620246338;-502
A;872;87300;642;524.0622322701732;0.46947156278589114;25.337718918639855
A;873;87400;973;893.833787440914;0.4539904997395465;-973
A;874;87500;782;830.8467746304948;0.4383711467890781;27.964262908219126
A;875;87600;538;83.56180206908603;0.42261826174069955;-538
A;876;87700;746;592.8797056190685;0.40673664307579965;27.313000567495326
A;877;87800;571;550.3876883415834;0.3907311284892742;-571
A;878;87900;239;599.2425058625959;0.37460659341591185;15.459624833740307
A;879;88000;691;756.2999767934194;0.3583679495453011;-691
A;880;88100;355;567.6810331993886;0.34202014332566893;18.841443681416774
A;881;88200;793;941.5272449262876;0.3255681544571562;-793
A;882;88300;431;556.6317232764837;0.309016994374948;20.760539492026695
A;883;88400;397;900.0928637962735;0.29237170472273666;-397
A;884;88500;484;258.0408995186347;0.27563735581700016;22.0
A;885;88600;873;25.117373911636932;0.2588190451025211;-873
A;886;88700;540;269.13165806958415;0.24192189559966734;23.2379000772445
A;887;88800;203;909.6500566197216;0.22495105434386567;-203
A;888;88900;248;397.23973721166186;0.20791169081775934;15.748015748023622
A;889;89000;689;951.8004752112665;0.1908089953765459;-689
A;890;89100;766;95.89052140646403;0.17364817766693075;27.676705006196094
A;891;89200;790;422.0538091259771;0.1564344650402306;-790
A;892;89300;609;360.7128682123384;0.13917310096006624;24.677925358506133
A;893;89400;926;836.7742582770991;0.1218693434051476;-926
A;894;89500;631;164.11958980460273;0.1045284632676529;25.11971337416094
A;895;89600;204;236.52978985214023;0.08715574274765868;-204
A;896;89700;498;588.3247465368693;0.06975647374412512;22.315913604421397
A;897;89800;347;179.78530279108818;0.05233595624294474;-347
A;898;89900;748;705.8296155778928;0.034899496702501184;27.349588662354687
A;899;90000;609;559.6548679076785;0.01745240643728304;-609
A;900;90100;240;303.8904771277358;6.123233995736766e-16;15.491933384829668
A;901;90200;811;468.720888946876;-0.01745240643728359;-811
A;902;90300;305;973.5891491729849;-0.03489949670249996;17.46424919657298
A;903;90400;423;207.3091633413222;-0.052335956242943515;-423
A;904;90500;361;409.5923743681028;-0.06975647374412568;19.0
A;905;90600;308;179.38003800384504;-0.08715574274765746;-308
A;906;90700;926;992.1987390208374;-0.10452846326765344;30.430248109405877
A;907;90800;553;572.659718996886;-0.12186934340514638;-553
A;908;90900;873;775.3854968970644;-0.13917310096006502;29.546573405388315
A;909;91000;720;525.4556855640551;-0.15643446504023115;-720
A;910;91100;610;286.4504465693771;-0.17364817766692955;24.698178070456937
A;911;91200;435;392.8429119797406;-0.1908089953765447;-435
A;912;91300;797;392.29166788205237;-0.2079116908177599;28.231188426986208
A;913;91400;692;542.2793361913558;-0.22495105434386448;-692
A;914;91500;370;816.975192457462;-0.2419218955996679;19.235384061671343
A;915;91600;681;365.0091417674266;-0.25881904510251985;-681
A;916;91700;999;88.20908067127897;-0.27563735581699894;31.606961258558215
A;917;91800;588;933.168057019191;-0.2923717047227355;-588
A;918;91900;304;471.08232263495876;-0.3090169943749485;17.435595774162696
A;919;92000;951;266.4511754451968;-0.32556815445715676;-951
A;920;92100;417;46.977216316369194;-0.34202014332566777;20.42057785666214
A;921;92200;285;602.2197872737858;-0.3583679495453016;-285
A;922;92300;574;4.210776503474345;-0.37460659341591235;23.958297101421877
A;923;92400;504;776.7741154841201;-0.3907311284892731;-504
A;924;92500;316;568.5268160872142;-0.40673664307579854;17.776388834631177
A;925;92600;201;904.5768399870125;-0.42261826174070005;-201
A;926;92700;594;438.2288126916222;-0.438371146789077;24.372115213907882
A;927;92800;251;83.99436201140543;-0.4539904997395454;-251
A;928;92900;619;249.32619477748597;-0.46947156278589164;24.879710609249457
A;929;93000;748;370.349123040844;-0.4848096202463369;-748
A;930;93100;674;770.3459917306664;-0.49999999999999895;25.96150997149434
A;931;93200;244;639.9835804486393;-0.5150380749100553;-244
A;932;93300;251;375.04987121608144;-0.5299192642332051;15.84297951775486
A;933;93400;833;308.4133606080034;-0.5446390350150263;-833
A;934;93500;565;140.06452436210458;-0.5591929034707451;23.769728648009426
A;935;93600;229;582.4585827494395;-0.5735764363510465;-229
A;936;93700;798;212.71116104624954;-0.5877852522924726;28.24889378365107
A;937;93800;752;87.7503933064876;-0.6018150231520469;-752
A;938;93900;640;838.9918356484736;-0.6156614753256588;25.298221281347036
A;939;94000;414;131.47951939905855;-0.6293203910498372;-414
A;940;94100;225;198.16191557967878;-0.6427876096865383;15.0
A;941;94200;357;739.390869649039;-0.656059028990508;-357
A;942;94300;728;281.4641189984366;-0.6691306063588581;26.981475126464083
A;943;94400;841;324.55702037883896;-0.6819983600624977;-841
A;944;94500;216;171.75602459002747;-0.6946583704589983;14.696938456699069
A;945;94600;203;763.736606861158;-0.7071067811865477;-203
A;946;94700;588;178.29134509475043;-0.7193398003386505;24.24871130596428
A;947;94800;348;835.077575356338;-0.7313537016191691;-348
A;948;94900;355;827.0718599662024;-0.7431448254773946;18.841443681416774
A;949;95000;657;432.7580841149835;-0.7547095802227717;-657
A;950;95100;962;432.69056556829753;-0.766044443118977;31.016124838541646
A;951;95200;517;115.49587568628328;-0.7771459614569715;-517
A;952;95300;547;776.001278659517;-0.7880107536067218;23.388031127053
A;953;95400;603;732.9788626819889;-0.798635510047292;-603
A;954;95500;784;980.0135319569279;-0.8090169943749481;28.0
A;955;95600;329;551.4578253309268;-0.8191520442889918;-329
A;956;95700;529;656.0170954990571;-0.8290375725550411;23.0
A;957;95800;359;323.5846862672714;-0.8386705679454248;-359
A;958;95900;540;912.6900092978142;-0.8480480961564262;23.2379000772445
A;959;96000;913;872.752455385153;-0.8571673007021119;-913
A;960;96100;643;849.8848622759527;-0.8660254037844377;25.357444666211933
A;961;96200;370;595.8994390056984;-0.8746197071393961;-370
A;962;96300;747;321.27408867160136;-0.8829475928589268;27.331300737432898
A;963;96400;623;187.63323129505628;-0.8910065241883671;-623
A;964;96500;897;280.35338552297753;-0.8987940462991674;29.949958263743873
A;965;96600;398;825.5386750470796;-0.9063077870366499;-398
A;966;96700;567;185.34734606592806;-0.9135454576426004;23.811761799581316
A;967;96800;248;455.4657868696572;-0.9205048534524408;-248
A;968;96900;579;947.4245007545169;-0.9271838545667874;24.06241883103193
A;969;97000;255;502.03221739889204;-0.9335804264972014;-255
A;970;97100;350;176.43776129701592;-0.9396926207859077;18.708286933869708
A;971;97200;917;946.1044006429473;-0.945518575599317;-917
A;972;97300;309;642.9440558289159;-0.9510565162951534;17.578395831246947
A;973;97400;892;630.0059396308496;-0.956304755963035;-892
A;974;97500;814;861.0918335708596;-0.961261695938319;28.53068523537421
A;975;97600;947;432.2607555427385;-0.9659258262890682;-947
A;976;97700;516;417.6406337052684;-0.9702957262759961;22.715633383201094
A;977;97800;770;93.95334954667656;-0.9743700647852355;-770
A;978;97900;783;937.6732488507116;-0.9781476007338056;27.982137159266443
A;979;98000;745;512.3219282125608;-0.9816271834476638;-745
A;980;98100;747;512.1339298471861;-0.9848077530122082;27.331300737432898
A;981;98200;774;942.5598351969205;-0.9876883405951378;-774
A;982;98300;543;361.67028265530274;-0.9902680687415701;23.302360395462088
A;983;98400;557;36.42793723223936;-0.9925461516413218;-557
A;984;98500;871;893.4127307419088;-0.9945218953682734;29.512709126747414
A;985;98600;508;285.90132630879896;-0.9961946980917454;-508
A;986;98700;299;165.09964053456994;-0.9975640502598241;17.291616465790582
A;987;98800;664;57.08818862925935;-0.9986295347545739;-664
A;988;98900;835;552.7331033123033;-0.9993908270190958;28.89636655359978
A;989;99000;558;143.5964824476359;-0.9998476951563913;-558
A;990;99100;833;250.65713672104405;-1.0;28.861739379323623
A;991;99200;874;715.6836978115339;-0.9998476951563913;-874
A;992;99300;876;815.4518553780047;-0.9993908270190958;29.597297173897484
A;993;99400;868;726.5279290683243;-0.9986295347545738;-868
A;994;99500;889;224.89185585375182;-0.9975640502598242;29.816103031751148
A;995;99600;360;581.8061873786808;-0.9961946980917455;-360
A;996;99700;923;474.59492802028336;-0.9945218953682735;30.380915061926625
A;997;99800;300;517.6749062028771;-0.992546151641322;-300
A;998;99900;411;444.5278152727229;-0.9902680687415704;20.273134932713294
A;999;100000;380;95.1775491454715;-0.987688340595138;-380
